Post_Title,Post_URL,Date_Posted,Upvotes,Comments,Subreddit
Intel's revenue forecast disappoints as investors await new CEO,https://www.reddit.com/r/stocks/comments/1idxsqq/intels_revenue_forecast_disappoints_as_investors/,2025-01-30 21:17:18,236,81,stocks
Nvidiaâ€™s Prime time to buy,https://www.reddit.com/r/stocks/comments/1idqhfo/nvidias_prime_time_to_buy/,2025-01-30 16:12:44,9,42,stocks
These are the stocks on my watchlist (01/30),https://www.reddit.com/r/stocks/comments/1ido021/these_are_the_stocks_on_my_watchlist_0130/,2025-01-30 14:20:34,25,15,stocks
1/30) - Thursday's Pre-Market News & Stock Movers,https://www.reddit.com/r/stocks/comments/1idniiw/130_thursdays_premarket_news_stock_movers/,2025-01-30 13:57:10,12,2,stocks
"Meta's CAPEX Spending Exceeds the Combined Net Income of F, TSLA, IBM, AVGO, GM, and V",https://www.reddit.com/r/stocks/comments/1id9r64/metas_capex_spending_exceeds_the_combined_net/,2025-01-30 00:50:17,239,87,stocks
(1/29) - Wednesday's Pre-Market News & Stock Movers,https://www.reddit.com/r/stocks/comments/1icu4ct/129_wednesdays_premarket_news_stock_movers/,2025-01-29 13:47:49,15,5,stocks
Buying in the dip : ok ?,https://www.reddit.com/r/stocks/comments/1ict25h/buying_in_the_dip_ok/,2025-01-29 12:52:17,13,24,stocks
Should I diversify?,https://www.reddit.com/r/stocks/comments/1icsfia/should_i_diversify/,2025-01-29 12:15:24,0,14,stocks
"During Nvidia's drop on Monday, funds&traders sold, while AI-savvy investors bought.Could this be a new market trend based on new knowledge?",https://www.reddit.com/r/stocks/comments/1icpa8l/during_nvidias_drop_on_monday_fundstraders_sold/,2025-01-29 08:29:02,0,18,stocks
Is SMCI SMUGGLING NVIDIA GPUS to CHINA?!?!?,https://www.reddit.com/r/stocks/comments/1icmat5/is_smci_smuggling_nvidia_gpus_to_china/,2025-01-29 05:02:20,362,77,stocks
Bridgewater sees short-term correction for tech stocks but bullish on DeepSeek impact By Reuters,https://www.reddit.com/r/stocks/comments/1icbxeu/bridgewater_sees_shortterm_correction_for_tech/,2025-01-28 20:49:53,10,1,stocks
Trump tariffs on chips and drugs would hit U.S. allies in Asia,https://www.reddit.com/r/stocks/comments/1icb2fh/trump_tariffs_on_chips_and_drugs_would_hit_us/,2025-01-28 20:14:06,422,79,stocks
"Former Intel CEO Pat Gelsinger is already using DeepSeek instead of OpenAI at his startup, Gloo",https://www.reddit.com/r/stocks/comments/1ic98l6/former_intel_ceo_pat_gelsinger_is_already_using/,2025-01-28 19:01:11,0,10,stocks
Trading ETFs when market dips?,https://www.reddit.com/r/stocks/comments/1ic4pkw/trading_etfs_when_market_dips/,2025-01-28 15:56:02,3,11,stocks
(1/28) - Tuesday's Pre-Market News & Stock Movers,https://www.reddit.com/r/stocks/comments/1ic1kyg/128_tuesdays_premarket_news_stock_movers/,2025-01-28 13:30:21,15,0,stocks
Tech stock selloff deepens as DeepSeek triggers AI rethink,https://www.reddit.com/r/stocks/comments/1ibu48i/tech_stock_selloff_deepens_as_deepseek_triggers/,2025-01-28 05:02:31,48,46,stocks
"Trump To Tariff Chips Made In Taiwan, Targeting TSMC",https://www.reddit.com/r/stocks/comments/1ibqaz5/trump_to_tariff_chips_made_in_taiwan_targeting/,2025-01-28 01:40:18,4669,1379,stocks
"Nvidia sheds almost $600 billion in market cap, biggest one-day loss in U.S. history",https://www.reddit.com/r/stocks/comments/1ibkcex/nvidia_sheds_almost_600_billion_in_market_cap/,2025-01-27 21:16:38,15750,1219,stocks
70% of AI workloads will shift to real-time inference by 2030 (McKinsey) - What stocks benefit?,https://www.reddit.com/r/stocks/comments/1ibhe81/70_of_ai_workloads_will_shift_to_realtime/,2025-01-27 19:16:17,133,50,stocks
Time to load up the tech stocks due to panic selling?,https://www.reddit.com/r/stocks/comments/1ib8kny/time_to_load_up_the_tech_stocks_due_to_panic/,2025-01-27 13:09:20,586,394,stocks
Are you panic selling NVDA because of DeepSeek?,https://www.reddit.com/r/stocks/comments/1ib6f78/are_you_panic_selling_nvda_because_of_deepseek/,2025-01-27 11:24:16,1026,1105,stocks
"Will some Mag7, financial, and software stocks actually benefit from Deepseek?",https://www.reddit.com/r/stocks/comments/1ib2nm6/will_some_mag7_financial_and_software_stocks/,2025-01-27 07:34:49,72,71,stocks
"AI
DeepSeek Shakes Up Stocks as Traders Fear for US Tech Leadership",https://www.reddit.com/r/stocks/comments/1ib1a99/ai_deepseek_shakes_up_stocks_as_traders_fear_for/,2025-01-27 05:58:41,874,500,stocks
S&P500 vs individual stocks,https://www.reddit.com/r/stocks/comments/1iaoa6o/sp500_vs_individual_stocks/,2025-01-26 19:47:36,31,41,stocks
Is it weird to feel like thereâ€™s nothing good to invest in?,https://www.reddit.com/r/stocks/comments/1ia91f2/is_it_weird_to_feel_like_theres_nothing_good_to/,2025-01-26 08:00:17,381,548,stocks
TSM vs Nvidia,https://www.reddit.com/r/stocks/comments/1i8usl1/tsm_vs_nvidia/,2025-01-24 12:58:53,0,27,stocks
Nvidia Zero-Day Options Are the Next Big Bet for ETF Upstart,https://www.reddit.com/r/stocks/comments/1i7j5al/nvidia_zeroday_options_are_the_next_big_bet_for/,2025-01-22 19:11:24,5,2,stocks
"Is it still worth investing in Amazon, Google and Nvidia?",https://www.reddit.com/r/stocks/comments/1i78ezg/is_it_still_worth_investing_in_amazon_google_and/,2025-01-22 10:46:13,132,182,stocks
"Trying to figure out where in the business stack to make my bed: New OpenAI Datacenters in Abilene, Texas",https://www.reddit.com/r/stocks/comments/1i74sbu/trying_to_figure_out_where_in_the_business_stack/,2025-01-22 06:17:20,23,7,stocks
Advice for someone that never invested?,https://www.reddit.com/r/stocks/comments/1i6ft3x/advice_for_someone_that_never_invested/,2025-01-21 10:37:52,16,62,stocks
Half of my total assets are in NVIDIA.. Do I have to relocate it?,https://www.reddit.com/r/stocks/comments/1i65kgt/half_of_my_total_assets_are_in_nvidia_do_i_have/,2025-01-21 00:17:57,198,187,stocks
Help me decide,https://www.reddit.com/r/stocks/comments/1i4vw8o/help_me_decide/,2025-01-19 10:47:52,12,19,stocks
TSMC net profit hits record high as fourth-quarter results top expectations on robust AI chip demand,https://www.reddit.com/r/stocks/comments/1i2n6hd/tsmc_net_profit_hits_record_high_as_fourthquarter/,2025-01-16 11:48:58,174,38,stocks
Nvidia's GTC 2025 Quantum Day + Quantum Computing Stocks to Watch,https://www.reddit.com/r/stocks/comments/1i2ehb4/nvidias_gtc_2025_quantum_day_quantum_computing/,2025-01-16 02:18:51,38,12,stocks
Novice Question on Profit Percentages (E-Trade),https://www.reddit.com/r/stocks/comments/1i24630/novice_question_on_profit_percentages_etrade/,2025-01-15 18:30:54,8,2,stocks
The role of ROCm in AMD's future,https://www.reddit.com/r/stocks/comments/1i1fe4x/the_role_of_rocm_in_amds_future/,2025-01-14 20:17:01,37,19,stocks
S&Pâ€™s $18 Trillion Rally Threatened by Psychology of 5% Yields,https://www.reddit.com/r/stocks/comments/1hztlvw/sps_18_trillion_rally_threatened_by_psychology_of/,2025-01-12 18:44:23,274,96,stocks
"Contrarian alert: Uberâ€™s missing the AI wave, yet it looks promising.",https://www.reddit.com/r/stocks/comments/1hy9eie/contrarian_alert_ubers_missing_the_ai_wave_yet_it/,2025-01-10 17:14:34,101,58,stocks
Biden to Further Limit Nvidia AI Chip Exports in Final,https://www.reddit.com/r/stocks/comments/1hww5ji/biden_to_further_limit_nvidia_ai_chip_exports_in/,2025-01-08 21:56:52,260,114,stocks
Pure fear from NVIDIA CEO,https://www.reddit.com/r/stocks/comments/1hwfwqt/pure_fear_from_nvidia_ceo/,2025-01-08 09:09:50,0,23,stocks
How do you feel about Intel?,https://www.reddit.com/r/stocks/comments/1hw60es/how_do_you_feel_about_intel/,2025-01-07 23:58:47,82,184,stocks
Uber Teams Up with NVIDIA to Accelerate Autonomous Mobility,https://www.reddit.com/r/stocks/comments/1hvse1c/uber_teams_up_with_nvidia_to_accelerate/,2025-01-07 14:17:56,129,43,stocks
Nvidia CEO Unveils Gaming â€˜Blackwellâ€™ Cards and Project DIGITS AI Supercomputer,https://www.reddit.com/r/stocks/comments/1hvrmsa/nvidia_ceo_unveils_gaming_blackwell_cards_and/,2025-01-07 13:39:55,75,9,stocks
I believe OpenAI will go bankrupt or will be bought out. Where to invest?,https://www.reddit.com/r/stocks/comments/1hvdbrh/i_believe_openai_will_go_bankrupt_or_will_be/,2025-01-06 23:33:00,0,36,stocks
"Nvidia supplier Foxconn reports record quarter revenue, NVDA +3% PM",https://www.reddit.com/r/stocks/comments/1huxyay/nvidia_supplier_foxconn_reports_record_quarter/,2025-01-06 12:32:03,134,7,stocks
Whatâ€™s going on with PE Ratios?,https://www.reddit.com/r/stocks/comments/1hujgnx/whats_going_on_with_pe_ratios/,2025-01-05 22:36:35,120,140,stocks
Figuring out the precursor's behaviour of each type of stock?,https://www.reddit.com/r/stocks/comments/1ht0bgc/figuring_out_the_precursors_behaviour_of_each/,2025-01-03 23:27:12,5,1,stocks
$AMD analysis,https://www.reddit.com/r/stocks/comments/1ht0bbd/amd_analysis/,2025-01-03 23:27:02,135,75,stocks
Microsoft expects to spend $80 billion on AI-enabled data centers in fiscal 2025,https://www.reddit.com/r/stocks/comments/1hsuc4z/microsoft_expects_to_spend_80_billion_on/,2025-01-03 19:11:49,446,242,stocks
The AI Revolution: Top 10 Tech Stocks Poised for Success in 2025,https://www.reddit.com/r/stocks/comments/1hqe93p/the_ai_revolution_top_10_tech_stocks_poised_for/,2024-12-31 13:02:13,0,56,stocks
The top 5 performing stocks of the past decade have one thing in common,https://www.reddit.com/r/stocks/comments/1hpq7fr/the_top_5_performing_stocks_of_the_past_decade/,2024-12-30 15:54:41,426,159,stocks
Why are Qualcomm and AMD lagging behind Broadcom and NVIDIA?,https://www.reddit.com/r/stocks/comments/1hp790j/why_are_qualcomm_and_amd_lagging_behind_broadcom/,2024-12-29 22:07:36,257,119,stocks
Whatâ€™s on your 2025 stock watchlist,https://www.reddit.com/r/stocks/comments/1hnm5h0/whats_on_your_2025_stock_watchlist/,2024-12-27 19:02:01,756,805,stocks
How do you assess if youâ€™ve missed a stocks run?,https://www.reddit.com/r/stocks/comments/1hncoei/how_do_you_assess_if_youve_missed_a_stocks_run/,2024-12-27 11:08:08,114,112,stocks
Are AMD actually fair valued?,https://www.reddit.com/r/stocks/comments/1hnbkbb/are_amd_actually_fair_valued/,2024-12-27 09:47:31,219,167,stocks
AVGO vs Nvidia vs AMD,https://www.reddit.com/r/stocks/comments/1hkjqkr/avgo_vs_nvidia_vs_amd/,2024-12-23 08:50:26,84,190,stocks
I'm switching my Mutual funds to nvidia. ,https://www.reddit.com/r/stocks/comments/1hjbgc5/im_switching_my_mutual_funds_to_nvidia/,2024-12-21 14:57:30,0,51,stocks
Micron stock: an opportunity to upgrade to a strong buy after a sell-off,https://www.reddit.com/r/stocks/comments/1hioub3/micron_stock_an_opportunity_to_upgrade_to_a/,2024-12-20 17:25:46,55,35,stocks
Why SoundHound AI Will Hit $30 ,https://www.reddit.com/r/stocks/comments/1hik9th/why_soundhound_ai_will_hit_30/,2024-12-20 13:55:06,0,19,stocks
Intel currently represents one of the best stock opportunities for 2025,https://www.reddit.com/r/stocks/comments/1hhi6lc/intel_currently_represents_one_of_the_best_stock/,2024-12-19 02:06:46,298,286,stocks
How have you utilized algorithmic investing for your trades? ,https://www.reddit.com/r/stocks/comments/1hh36fg/how_have_you_utilized_algorithmic_investing_for/,2024-12-18 14:49:52,20,33,stocks
Microsoft AI strategy is in shambles,https://www.reddit.com/r/stocks/comments/1hh0pb2/microsoft_ai_strategy_is_in_shambles/,2024-12-18 12:40:00,0,41,stocks
From GPU to ASIC: Broadcom to capture NVDA  market share!,https://www.reddit.com/r/stocks/comments/1hfldj9/from_gpu_to_asic_broadcom_to_capture_nvda_market/,2024-12-16 15:18:27,28,41,stocks
Will a successful battlemage release help Intel? ,https://www.reddit.com/r/stocks/comments/1hen8qm/will_a_successful_battlemage_release_help_intel/,2024-12-15 07:05:27,16,50,stocks
Broadcom (AVGO) broke the $1T barrier - here's how it compares to the Mag 7,https://www.reddit.com/r/stocks/comments/1hdxxw6/broadcom_avgo_broke_the_1t_barrier_heres_how_it/,2024-12-14 07:45:08,332,124,stocks
Semiconductor Stocks Exposed To China With Tariffs Incoming,https://www.reddit.com/r/stocks/comments/1hdcpo2/semiconductor_stocks_exposed_to_china_with/,2024-12-13 13:55:51,105,29,stocks
"Nvidia, Rigetti, Quantum Machines Deliver AI-Powered Quantum Computing ",https://www.reddit.com/r/stocks/comments/1hcgxsj/nvidia_rigetti_quantum_machines_deliver_aipowered/,2024-12-12 08:50:58,43,9,stocks
6 years investing but there are still open questions,https://www.reddit.com/r/stocks/comments/1hc4glu/6_years_investing_but_there_are_still_open/,2024-12-11 21:22:22,39,47,stocks
I'm bullish on $GOOG,https://www.reddit.com/r/stocks/comments/1hb7n68/im_bullish_on_goog/,2024-12-10 17:51:26,426,160,stocks
Top 10 Non-US Stocks,https://www.reddit.com/r/stocks/comments/1hauqh3/top_10_nonus_stocks/,2024-12-10 05:32:15,19,49,stocks
Nvidia slip as China opens investigates possible antimonopoly law violation,https://www.reddit.com/r/stocks/comments/1ha938m/nvidia_slip_as_china_opens_investigates_possible/,2024-12-09 12:55:41,278,64,stocks
Why I'm bullish on Intel (INTC),https://www.reddit.com/r/stocks/comments/1h9zs68/why_im_bullish_on_intel_intc/,2024-12-09 02:44:53,436,376,stocks
"If you had to start again today and could only choose five stocks to set you up for the rest of your life, what would they be?",https://www.reddit.com/r/stocks/comments/1h9oztr/if_you_had_to_start_again_today_and_could_only/,2024-12-08 18:17:36,267,434,stocks
TSMC in talks with Nvidia for AI chip production in Arizona,https://www.reddit.com/r/stocks/comments/1h75r9y/tsmc_in_talks_with_nvidia_for_ai_chip_production/,2024-12-05 09:57:01,214,26,stocks
Is Nebius / Yandex a pump and dump or is it going to recover up to prewar prices?,https://www.reddit.com/r/stocks/comments/1h6ispk/is_nebius_yandex_a_pump_and_dump_or_is_it_going/,2024-12-04 15:31:27,9,16,stocks
$Dell Earnings ,https://www.reddit.com/r/stocks/comments/1h0q55v/dell_earnings/,2024-11-26 23:29:19,62,47,stocks
Nvidia Options Action 11/21: Confusion,https://www.reddit.com/r/stocks/comments/1gwhx38/nvidia_options_action_1121_confusion/,2024-11-21 14:45:36,0,9,stocks
"Nvidia Earnings: Beat Across the Board, Strong Guidance",https://www.reddit.com/r/stocks/comments/1gvzyeh/nvidia_earnings_beat_across_the_board_strong/,2024-11-20 21:25:58,549,243,stocks
"Qualcomm says it expects $4 billion in PC chip sales by 2029, as company gets traction beyond smartphones",https://www.reddit.com/r/stocks/comments/1gv9g66/qualcomm_says_it_expects_4_billion_in_pc_chip/,2024-11-19 22:08:46,184,27,stocks
"Palantir short thesis and an analysis of its current earnings power, multiples and enterprise value",https://www.reddit.com/r/stocks/comments/1gv6hj0/palantir_short_thesis_and_an_analysis_of_its/,2024-11-19 20:04:07,90,68,stocks
Super Micro hires new auditor to maintain Nasdaq listing; shares pop 23%,https://www.reddit.com/r/stocks/comments/1gukbfk/super_micro_hires_new_auditor_to_maintain_nasdaq/,2024-11-19 00:31:43,253,93,stocks
"New Nvidia AI chips overheating in servers, the Information reports",https://www.reddit.com/r/stocks/comments/1gtlzww/new_nvidia_ai_chips_overheating_in_servers_the/,2024-11-17 19:52:22,311,141,stocks
Naive question: Intel 18A--what could go wrong?,https://www.reddit.com/r/stocks/comments/1grrx4w/naive_question_intel_18awhat_could_go_wrong/,2024-11-15 08:32:29,10,51,stocks
SOXX and Nvidia,https://www.reddit.com/r/stocks/comments/1grl78h/soxx_and_nvidia/,2024-11-15 01:42:25,16,40,stocks
"AMD to lay off 4% of workforce, or about 1,000 employees",https://www.reddit.com/r/stocks/comments/1gqonzv/amd_to_lay_off_4_of_workforce_or_about_1000/,2024-11-13 21:52:30,712,147,stocks
PG&E to deploy nuclear-specific AI at Diablo Canyon plant ,https://www.reddit.com/r/stocks/comments/1gqokli/pge_to_deploy_nuclearspecific_ai_at_diablo_canyon/,2024-11-13 21:48:24,18,6,stocks
SoundHound AI Stock Tumbles as Margins Drop ,https://www.reddit.com/r/stocks/comments/1gqnswr/soundhound_ai_stock_tumbles_as_margins_drop/,2024-11-13 21:15:58,43,9,stocks
Chipotle (CMG) vs NVIDIA (NVDA) growth for 2025,https://www.reddit.com/r/stocks/comments/1gptg02/chipotle_cmg_vs_nvidia_nvda_growth_for_2025/,2024-11-12 19:41:34,0,28,stocks
Out of the â€œBig 7â€ any youâ€™d recommend buying over others?,https://www.reddit.com/r/stocks/comments/1gpmrel/out_of_the_big_7_any_youd_recommend_buying_over/,2024-11-12 15:05:41,38,161,stocks
Reuters Exclusive: US ordered TSMC to halt shipments to China of chips used in AI applications,https://www.reddit.com/r/stocks/comments/1gnos5a/reuters_exclusive_us_ordered_tsmc_to_halt/,2024-11-10 00:57:47,479,142,stocks
Tesla hits $1T Market Cap for the first time since 2021,https://www.reddit.com/r/stocks/comments/1gmkxwf/tesla_hits_1t_market_cap_for_the_first_time_since/,2024-11-08 15:19:48,624,463,stocks
Qualcomm pops on chipmaker's earnings and revenue beat,https://www.reddit.com/r/stocks/comments/1glceac/qualcomm_pops_on_chipmakers_earnings_and_revenue/,2024-11-06 23:27:53,96,9,stocks
Will Nvidia suffer due to increased tensions with China?,https://www.reddit.com/r/stocks/comments/1gl3byx/will_nvidia_suffer_due_to_increased_tensions_with/,2024-11-06 17:04:12,234,162,stocks
Super Micro Computer- SMCI $26 - Avoid Till We Get Restated Financials,https://www.reddit.com/r/stocks/comments/1gkgqx3/super_micro_computer_smci_26_avoid_till_we_get/,2024-11-05 20:41:01,100,74,stocks
Do I sell my stock and dump the money into ETFs like VOO and VIG?,https://www.reddit.com/r/stocks/comments/1gk9vg0/do_i_sell_my_stock_and_dump_the_money_into_etfs/,2024-11-05 15:53:37,0,33,stocks
Nvidia Overtakes Apple to Become World's Largest Company,https://www.reddit.com/r/stocks/comments/1gjgfct/nvidia_overtakes_apple_to_become_worlds_largest/,2024-11-04 15:06:26,825,193,stocks
"Nvidia to join Dow Jones Industrial Average, replacing Intel",https://www.reddit.com/r/stocks/comments/1ghghq5/nvidia_to_join_dow_jones_industrial_average/,2024-11-01 21:31:30,1176,137,stocks
BlackRock launches ETF that expands beyond the â€˜Magnificent Sevenâ€™,https://www.reddit.com/r/stocks/comments/1gh4zwd/blackrock_launches_etf_that_expands_beyond_the/,2024-11-01 13:09:52,152,63,stocks
DeepSeek Hasnâ€™t Deep-Sixed Nvidia,https://www.reddit.com/r/investing/comments/1idy85s/deepseek_hasnt_deepsixed_nvidia/,2025-01-30 21:35:30,0,7,investing
Micron's Low Price Is A Gift,https://www.reddit.com/r/investing/comments/1idxk34/microns_low_price_is_a_gift/,2025-01-30 21:07:18,31,13,investing
What is going on with China's recent developments in quantum computing?,https://www.reddit.com/r/investing/comments/1idvca4/what_is_going_on_with_chinas_recent_developments/,2025-01-30 19:34:22,0,8,investing
"Serious thoughts on ""Soun"", not knee jerk",https://www.reddit.com/r/investing/comments/1icarm9/serious_thoughts_on_soun_not_knee_jerk/,2025-01-28 20:01:47,0,12,investing
Nvidia and the efficient market hypothesis,https://www.reddit.com/r/investing/comments/1ic8stl/nvidia_and_the_efficient_market_hypothesis/,2025-01-28 18:43:33,40,35,investing
Thereâ€™s gotta be a way to profit off this much immense stupidity.,https://www.reddit.com/r/investing/comments/1ibucyj/theres_gotta_be_a_way_to_profit_off_this_much/,2025-01-28 05:16:29,1206,319,investing
NVDA: Buying the Dip Amid DeepSeek AI and the AI Race,https://www.reddit.com/r/investing/comments/1ibo397/nvda_buying_the_dip_amid_deepseek_ai_and_the_ai/,2025-01-27 23:54:54,0,5,investing
The Market Is Dropping After Huge AI Breakthroughâ€”But Isnâ€™t This Great News?,https://www.reddit.com/r/investing/comments/1ibl8xf/the_market_is_dropping_after_huge_ai/,2025-01-27 21:53:19,0,24,investing
I believe Nvidia's sell-off is justifiedâ€”I think they have lost their MOAT.,https://www.reddit.com/r/investing/comments/1ibkwgf/i_believe_nvidias_selloff_is_justifiedi_think/,2025-01-27 21:39:06,2,79,investing
Markets are Overreacting to DeepSeek,https://www.reddit.com/r/investing/comments/1ibf2mt/markets_are_overreacting_to_deepseek/,2025-01-27 17:44:35,2300,834,investing
Jevon's Paradox explains why DeepSeek's breakthrough should increase Nvidia and TSMC demand,https://www.reddit.com/r/investing/comments/1ibb4qa/jevons_paradox_explains_why_deepseeks/,2025-01-27 15:04:45,100,95,investing
Defensive AI investing hedge,https://www.reddit.com/r/investing/comments/1iba7iw/defensive_ai_investing_hedge/,2025-01-27 14:23:01,11,8,investing
"Deepseek uses NVIDIA's H800 chips, so why are NVIDIA investors panicking?",https://www.reddit.com/r/investing/comments/1ib5vf9/deepseek_uses_nvidias_h800_chips_so_why_are/,2025-01-27 10:54:58,1486,672,investing
AMD vs. NVDA: Which is the better buy/investment right now?,https://www.reddit.com/r/investing/comments/1i8qcl5/amd_vs_nvda_which_is_the_better_buyinvestment/,2025-01-24 07:47:37,73,173,investing
"Is it still worth investing in Amazon, Google and Nvidia?",https://www.reddit.com/r/investing/comments/1i78c1v/is_it_still_worth_investing_in_amazon_google_and/,2025-01-22 10:40:24,235,246,investing
"Trying to figure out where in the business stack to make my bed: New OpenAI Datacenters in Abilene, Texas",https://www.reddit.com/r/investing/comments/1i74r8w/trying_to_figure_out_where_in_the_business_stack/,2025-01-22 06:15:16,5,5,investing
I'm considering selling Nvidia and buying reddit& Plantir ,https://www.reddit.com/r/investing/comments/1i65j2i/im_considering_selling_nvidia_and_buying_reddit/,2025-01-21 00:16:09,0,23,investing
What Would you Guys Invest In?,https://www.reddit.com/r/investing/comments/1i4pb8z/what_would_you_guys_invest_in/,2025-01-19 03:40:14,0,25,investing
TSMC: The Backbone of Global AI Chipmaking,https://www.reddit.com/r/investing/comments/1i4cio2/tsmc_the_backbone_of_global_ai_chipmaking/,2025-01-18 17:27:10,0,16,investing
"YOLO advice based on the EUR/USD, Nvidia and Microsoft?",https://www.reddit.com/r/investing/comments/1i3ipel/yolo_advice_based_on_the_eurusd_nvidia_and/,2025-01-17 15:21:41,0,2,investing
CES Note On Nvidia (NVDA),https://www.reddit.com/r/investing/comments/1i36rox/ces_note_on_nvidia_nvda/,2025-01-17 02:59:44,4,5,investing
Worthwhile to DCA into NVIDIA for Next 5 Years?,https://www.reddit.com/r/investing/comments/1i2v4f3/worthwhile_to_dca_into_nvidia_for_next_5_years/,2025-01-16 18:06:00,0,13,investing
It's Time To Call Bullshit - Quantum,https://www.reddit.com/r/investing/comments/1i2r6wy/its_time_to_call_bullshit_quantum/,2025-01-16 15:18:18,78,78,investing
General help (looking for opinions and advice or a point in the right direction ),https://www.reddit.com/r/investing/comments/1i1j6i5/general_help_looking_for_opinions_and_advice_or_a/,2025-01-14 23:04:03,5,2,investing
Covered call strategies for Nvidia holders with low cost-base,https://www.reddit.com/r/investing/comments/1i1hozs/covered_call_strategies_for_nvidia_holders_with/,2025-01-14 21:59:30,7,13,investing
"If I'm hoping to retire BEFORE 63, should I be maxing my 401k contributions? ",https://www.reddit.com/r/investing/comments/1i1d9t8/if_im_hoping_to_retire_before_63_should_i_be/,2025-01-14 18:49:22,24,38,investing
"Launching search engine for stocks
",https://www.reddit.com/r/investing/comments/1i0v2oi/launching_search_engine_for_stocks/,2025-01-14 01:55:33,0,2,investing
If you could only buy up to 10 stocks today and keep them for 10-20 years what would they be?,https://www.reddit.com/r/investing/comments/1i0od4x/if_you_could_only_buy_up_to_10_stocks_today_and/,2025-01-13 20:54:58,147,301,investing
Data Center Growth Opportunities - $1.4T in a decade.,https://www.reddit.com/r/investing/comments/1hzsilb/data_center_growth_opportunities_14t_in_a_decade/,2025-01-12 17:58:36,74,18,investing
Questions from a 20-Year-Old Investor,https://www.reddit.com/r/investing/comments/1hzlrxr/questions_from_a_20yearold_investor/,2025-01-12 12:36:43,0,3,investing
Is S&P 500 the only option I should consider?,https://www.reddit.com/r/investing/comments/1hzlko2/is_sp_500_the_only_option_i_should_consider/,2025-01-12 12:23:27,0,24,investing
Are any of the Mag 7 Stocks a Buy right now?,https://www.reddit.com/r/investing/comments/1hz6ul7/are_any_of_the_mag_7_stocks_a_buy_right_now/,2025-01-11 21:50:22,49,86,investing
"Stocks that doubled or more in 2 years (AMZN,GOOG,MSFT). If we have a correction how much will they likely pull back?",https://www.reddit.com/r/investing/comments/1hysa3n/stocks_that_doubled_or_more_in_2_years/,2025-01-11 09:21:35,0,30,investing
Is Today the perfect time to invest with the market being down or do you expect it to continue falling? What are you guys doing?,https://www.reddit.com/r/investing/comments/1hy8ln6/is_today_the_perfect_time_to_invest_with_the/,2025-01-10 16:41:24,0,62,investing
High Savings Account interested rates,https://www.reddit.com/r/investing/comments/1hy01ib/high_savings_account_interested_rates/,2025-01-10 08:37:09,4,1,investing
â€œThe stock market is perfectly pricedâ€ â€¦. then â€¦ quantum stocks ðŸ¤”,https://www.reddit.com/r/investing/comments/1hxr9ng/the_stock_market_is_perfectly_priced_then_quantum/,2025-01-10 00:03:56,0,19,investing
Carvana: A Compelling Opportunity Amid Market Volatility,https://www.reddit.com/r/investing/comments/1hwo2rt/carvana_a_compelling_opportunity_amid_market/,2025-01-08 16:24:34,0,17,investing
Would the index weighting cap cause a hypothetical bear market to be dampend at first but exacerbated later were there to be a crash in mega caps?,https://www.reddit.com/r/investing/comments/1hweznq/would_the_index_weighting_cap_cause_a/,2025-01-08 08:07:37,20,1,investing
[Advice] Opinions on covered call strategy with NVDA.,https://www.reddit.com/r/investing/comments/1hwbkje/advice_opinions_on_covered_call_strategy_with_nvda/,2025-01-08 04:37:54,4,3,investing
Are any of these stocks buys at the moment? How will they thrive long term?,https://www.reddit.com/r/investing/comments/1hw59nv/are_any_of_these_stocks_buys_at_the_moment_how/,2025-01-07 23:24:38,0,25,investing
Nvidia: Expect Valuation To Soar Higher On 2025's AI Spending Increases,https://www.reddit.com/r/investing/comments/1hvywop/nvidia_expect_valuation_to_soar_higher_on_2025s/,2025-01-07 18:58:01,0,10,investing
The outlook for ASML & the lithography industry,https://www.reddit.com/r/investing/comments/1hvypmd/the_outlook_for_asml_the_lithography_industry/,2025-01-07 18:49:51,47,9,investing
The potential AI stocks in 2025,https://www.reddit.com/r/investing/comments/1hvvgf2/the_potential_ai_stocks_in_2025/,2025-01-07 16:36:04,2,2,investing
Are Photonics The Next AI & Quantum Computing Gold Rush? SiC Does Light Better.,https://www.reddit.com/r/investing/comments/1hvs70u/are_photonics_the_next_ai_quantum_computing_gold/,2025-01-07 14:08:09,32,39,investing
Tesla's Deliveries Disappoint: Time To Take Profits (Rating Downgrade),https://www.reddit.com/r/investing/comments/1hv5dc3/teslas_deliveries_disappoint_time_to_take_profits/,2025-01-06 18:04:38,135,130,investing
Getting that $1400 Covid stimulus and investing it for kids in AI,https://www.reddit.com/r/investing/comments/1httxor/getting_that_1400_covid_stimulus_and_investing_it/,2025-01-05 01:19:01,0,6,investing
Are these stocks risky for the Long Term? Whatâ€™s your opinion on them? Are they buys right now?,https://www.reddit.com/r/investing/comments/1hrzh93/are_these_stocks_risky_for_the_long_term_whats/,2025-01-02 17:44:09,0,10,investing
Which stock do you regret selling too early since you start investing?,https://www.reddit.com/r/investing/comments/1hrki98/which_stock_do_you_regret_selling_too_early_since/,2025-01-02 03:28:02,96,259,investing
Iâ€™m 19 and want to spend $1000 in the wisest way possible.,https://www.reddit.com/r/investing/comments/1hq48qc/im_19_and_want_to_spend_1000_in_the_wisest_way/,2024-12-31 02:15:12,0,51,investing
Post your investment ideas for 2025,https://www.reddit.com/r/investing/comments/1hptwgp/post_your_investment_ideas_for_2025/,2024-12-30 18:32:22,73,87,investing
"Are any Mag 7 Stocks worth buying right now for long term, if not which are worth waiting for in 2025?",https://www.reddit.com/r/investing/comments/1hp84q6/are_any_mag_7_stocks_worth_buying_right_now_for/,2024-12-29 22:47:12,95,155,investing
Opinion from group to buy these symbols,https://www.reddit.com/r/investing/comments/1ho85y6/opinion_from_group_to_buy_these_symbols/,2024-12-28 15:40:54,5,2,investing
Why are my bond funds doing so poorly?,https://www.reddit.com/r/investing/comments/1hiq5qp/why_are_my_bond_funds_doing_so_poorly/,2024-12-20 18:23:11,36,52,investing
Weekly Semiconductor Brief - Geopolitic tensions are rising,https://www.reddit.com/r/investing/comments/1hh26ve/weekly_semiconductor_brief_geopolitic_tensions/,2024-12-18 14:01:13,11,2,investing
Achieved my first milestone after 3 years!,https://www.reddit.com/r/investing/comments/1hfr8dz/achieved_my_first_milestone_after_3_years/,2024-12-16 19:27:44,73,27,investing
$AVGO Analysis [DD]  ----,https://www.reddit.com/r/investing/comments/1hfpel0/avgo_analysis_dd/,2024-12-16 18:11:44,7,12,investing
2.5 year follow-up on buying the dip on pandemic stocks,https://www.reddit.com/r/investing/comments/1hfjvh8/25_year_followup_on_buying_the_dip_on_pandemic/,2024-12-16 14:08:16,829,184,investing
Thoughts on AMD? Will the stock be able to recover?,https://www.reddit.com/r/investing/comments/1he395w/thoughts_on_amd_will_the_stock_be_able_to_recover/,2024-12-14 13:49:41,69,97,investing
Should I be going all in on NVidia?,https://www.reddit.com/r/investing/comments/1he37qg/should_i_be_going_all_in_on_nvidia/,2024-12-14 13:47:34,0,49,investing
Question on whether I should take some profit on Nvidia and reinvest.,https://www.reddit.com/r/investing/comments/1hdbra9/question_on_whether_i_should_take_some_profit_on/,2024-12-13 13:04:59,4,15,investing
NVDA Fundamental Analysis w/ Charts,https://www.reddit.com/r/investing/comments/1hcvdh7/nvda_fundamental_analysis_w_charts/,2024-12-12 21:05:32,6,8,investing
Unpopular opinion: I'm bullish on $GOOG,https://www.reddit.com/r/investing/comments/1hb7hv5/unpopular_opinion_im_bullish_on_goog/,2024-12-10 17:45:18,0,21,investing
NVIDIA is in hot water with China right now,https://www.reddit.com/r/investing/comments/1hb5fpl/nvidia_is_in_hot_water_with_china_right_now/,2024-12-10 16:18:04,0,11,investing
"If you had to start again today and could only choose five stocks to set you up for the rest of your life, what would they be?",https://www.reddit.com/r/investing/comments/1h9p055/if_you_had_to_start_again_today_and_could_only/,2024-12-08 18:18:00,0,17,investing
Portfolio allocation talk,https://www.reddit.com/r/investing/comments/1h9oz25/portfolio_allocation_talk/,2024-12-08 18:16:40,7,14,investing
What is your thought on my portfolio and strategy?,https://www.reddit.com/r/investing/comments/1h7mstv/what_is_your_thought_on_my_portfolio_and_strategy/,2024-12-05 23:13:24,0,3,investing
How can someone learn and be better at options ,https://www.reddit.com/r/investing/comments/1h6oekd/how_can_someone_learn_and_be_better_at_options/,2024-12-04 19:13:21,0,43,investing
Whatâ€™s the best investment you ever made?,https://www.reddit.com/r/investing/comments/1h3el7n/whats_the_best_investment_you_ever_made/,2024-11-30 15:12:16,410,936,investing
S&P 500 Index gains for 2024 ranks among the best in this century,https://www.reddit.com/r/investing/comments/1h2ne64/sp_500_index_gains_for_2024_ranks_among_the_best/,2024-11-29 14:49:02,565,271,investing
Talking with my dad about Nvidia over Thanksgiving,https://www.reddit.com/r/investing/comments/1h28t5b/talking_with_my_dad_about_nvidia_over_thanksgiving/,2024-11-28 23:44:37,577,261,investing
Advice needed. Should I pull off the market temporarily?,https://www.reddit.com/r/investing/comments/1h1zg7z/advice_needed_should_i_pull_off_the_market/,2024-11-28 16:17:09,0,101,investing
$Dell Earnings Down 11%..,https://www.reddit.com/r/investing/comments/1h0q75c/dell_earnings_down_11/,2024-11-26 23:31:47,62,36,investing
Thoughts on this allocation? (AI Theme),https://www.reddit.com/r/investing/comments/1gxrmgx/thoughts_on_this_allocation_ai_theme/,2024-11-23 04:41:43,2,10,investing
Iâ€™ve got around $200k in an Inherited IRA (account must be closed and taxes paid within 10 years) Looking to put about half in a Trump-Friendly portfolio. Companies that will likely do very well under his administration. Is anybody doing the same?,https://www.reddit.com/r/investing/comments/1gtiief/ive_got_around_200k_in_an_inherited_ira_account/,2024-11-17 17:20:00,0,35,investing
Cash out on the horizon.....what should I do with modest earning?,https://www.reddit.com/r/investing/comments/1gs84cu/cash_out_on_the_horizonwhat_should_i_do_with/,2024-11-15 22:07:51,0,15,investing
Best AI stocks to invest in right now? ,https://www.reddit.com/r/investing/comments/1gqddej/best_ai_stocks_to_invest_in_right_now/,2024-11-13 13:53:29,0,42,investing
"MPWR should be in your portfolio, TODAY!",https://www.reddit.com/r/investing/comments/1gpr2rt/mpwr_should_be_in_your_portfolio_today/,2024-11-12 18:05:57,0,3,investing
Investing advice or improvement ,https://www.reddit.com/r/investing/comments/1gosxrt/investing_advice_or_improvement/,2024-11-11 14:05:29,0,6,investing
"Creating a Python library for Mandelbrot's metrics, doubts with Hurst Exponent/Scale",https://www.reddit.com/r/investing/comments/1gmpzpr/creating_a_python_library_for_mandelbrots_metrics/,2024-11-08 18:51:56,5,0,investing
Nvidia outlook post election? (looking for guidance as well),https://www.reddit.com/r/investing/comments/1gm3ybx/nvidia_outlook_post_election_looking_for_guidance/,2024-11-07 23:07:49,0,13,investing
NVDA To Join Dow Jones Industrial Average,https://www.reddit.com/r/investing/comments/1ghmlfr/nvda_to_join_dow_jones_industrial_average/,2024-11-02 02:29:01,221,63,investing
What are the best resources for research?,https://www.reddit.com/r/investing/comments/1gh2e47/what_are_the_best_resources_for_research/,2024-11-01 10:39:40,0,9,investing
"Extra set of eyes, please! ",https://www.reddit.com/r/Money/comments/1i4eytb/extra_set_of_eyes_please/,2025-01-18 19:15:36,5,10,Money
SNSXX trust fund Sell? ,https://www.reddit.com/r/Money/comments/1htrykt/snsxx_trust_fund_sell/,2025-01-04 23:46:06,1,4,Money
Any Recommendations For My Stock Portfolio?,https://i.redd.it/03f1zeec9iae1.jpeg,2025-01-02 04:07:18,11,21,Money
Retirement Planning IRA: Should I consolidate some of these?,https://i.redd.it/7k32b7blj87e1.png,2024-12-16 16:14:58,21,16,Money
At a crossroads with investments ,https://www.reddit.com/r/Money/comments/1h7rdhw/at_a_crossroads_with_investments/,2024-12-06 02:55:03,5,19,Money
19 need investing help ,https://www.reddit.com/r/Money/comments/1h2783s/19_need_investing_help/,2024-11-28 22:20:10,3,39,Money
"25f, Single mom looking for financial advice",https://www.reddit.com/r/Money/comments/1gy9c2u/25f_single_mom_looking_for_financial_advice/,2024-11-23 20:42:53,10,10,Money
32M Does not not what to do in life! Left my job in June (Can't collect unemployment). I live in NYC which is super expensive.,https://www.reddit.com/r/Money/comments/1gm9zcz/32m_does_not_not_what_to_do_in_life_left_my_job/,2024-11-08 04:08:36,14,30,Money
Please Help with Retirement Advice,https://www.reddit.com/r/Money/comments/1gi4ty3/please_help_with_retirement_advice/,2024-11-02 19:52:55,1,5,Money
My play,https://www.reddit.com/r/Daytrading/comments/1idslhr/my_play/,2025-01-30 17:40:49,1,0,Daytrading
"Stock Market Today: Tesla Fourth-Quarter Results Miss Estimates + Big Techâ€™s AI Binge: Meta Bets Big, Microsoft Hits a Wall + Fed Hits the Pause Button",https://www.reddit.com/r/Daytrading/comments/1idbeih/stock_market_today_tesla_fourthquarter_results/,2025-01-30 02:05:44,1,0,Daytrading
I'm a professional trader and this is Everything I'm watching and analysing in premarket ahead of FOMC and Big Tech earnings. Includes a detailed analysis of ASML and SBUX earnings.,https://www.reddit.com/r/Daytrading/comments/1icttso/im_a_professional_trader_and_this_is_everything/,2025-01-29 13:33:05,53,7,Daytrading
Tradezero or Cmeg or any other non pdt international broker for serious day trading/scalping us stocks ?,https://www.reddit.com/r/Daytrading/comments/1ici74p/tradezero_or_cmeg_or_any_other_non_pdt/,2025-01-29 01:25:23,2,2,Daytrading
Stock Market Today: Starbucks Brews Up a Turnaround + Novo Nordiskâ€™s Ozempic Gets Green Light for Kidney Disease Treatment,https://www.reddit.com/r/Daytrading/comments/1icgfek/stock_market_today_starbucks_brews_up_a/,2025-01-29 00:01:54,4,1,Daytrading
Should I buy nvidia calls now,https://www.reddit.com/r/Daytrading/comments/1iccmtx/should_i_buy_nvidia_calls_now/,2025-01-28 21:19:01,3,48,Daytrading
Portfolios that profited on one of the worst market days of the last 2 years,https://www.reddit.com/r/Daytrading/comments/1ic3zn8/portfolios_that_profited_on_one_of_the_worst/,2025-01-28 15:24:31,1,0,Daytrading
Stock Market Today: DeepSeek Just Pulled a Fast One on Silicon Valley + Fed Faces 2025 with Rates on Lock,https://www.reddit.com/r/Daytrading/comments/1iboclg/stock_market_today_deepseek_just_pulled_a_fast/,2025-01-28 00:06:17,1,0,Daytrading
Current stock market news latest !,https://www.reddit.com/r/Daytrading/comments/1ibc0jb/current_stock_market_news_latest/,2025-01-27 15:40:37,29,6,Daytrading
Whats the play today?,https://i.redd.it/k5fiz8fdkife1.jpeg,2025-01-27 10:29:47,1,11,Daytrading
Down 18K! On one trade,https://www.reddit.com/r/Daytrading/comments/1i9irk6/down_18k_on_one_trade/,2025-01-25 08:40:39,294,194,Daytrading
What are these small stocks and are they worth it?,https://i.redd.it/cznegy5kf1fe1.jpeg,2025-01-25 00:52:33,1,0,Daytrading
"Stock Market Today: Big Earnings Day: American Airlines, EA, & SK Hynix + Trump Takes Center Stage At Davos World Economic Forum:Â Â Oil, Interest Rates, and Tariffs",https://www.reddit.com/r/Daytrading/comments/1i8kniw/stock_market_today_big_earnings_day_american/,2025-01-24 02:08:21,1,0,Daytrading
"NVDA IREN Ai Partnership Involving Bitcoin, Energy And More. Could Lead To Big Swings",https://i.redd.it/8ho1s85ldlee1.png,2025-01-22 18:53:00,4,0,Daytrading
"$800â€“>$55k UPDATE (NVDA, NFLX,AMD,JPM,QQQ,SPY)",https://www.reddit.com/gallery/1i7egxa,2025-01-22 16:02:41,762,97,Daytrading
Got $10k to pay with. Trying to make $300 extra a week. Do i got a chance for quick day trading ?,https://www.reddit.com/r/Daytrading/comments/1i62t0v/got_10k_to_pay_with_trying_to_make_300_extra_a/,2025-01-20 22:16:58,58,116,Daytrading
Nvidia,https://i.redd.it/ovzi6oned1ee1.jpeg,2025-01-19 23:36:20,1,0,Daytrading
What do you trade on when trading stocks like nvidia s&p 500 etc?,https://www.reddit.com/r/Daytrading/comments/1i4m62w/what_do_you_trade_on_when_trading_stocks_like/,2025-01-19 00:54:05,2,2,Daytrading
Stock Market Today: TikTokâ€™s Fate Rests on Trump After Supreme Court Upholds Law + Airbnbâ€™s ramping up lobbying to reverse NYCâ€™s restrictions on short-term rentals,https://www.reddit.com/r/Daytrading/comments/1i3tn95/stock_market_today_tiktoks_fate_rests_on_trump/,2025-01-17 23:16:40,1,0,Daytrading
Stock Market Today: Hindenburgâ€™s Final Descent + Amex to Pay $230 Million Over Misleading Sales Practices,https://www.reddit.com/r/Daytrading/comments/1i335kr/stock_market_today_hindenburgs_final_descent_amex/,2025-01-16 23:57:43,2,0,Daytrading
"I'm a professional trader and this is everything I'm watching and analysing in premarket ahead of the Retail sales data. 16/01. Includes detailed breakdown of earnings reports, analyst upgrades and downgrades, and everything of value from the Bloomberg Terminal.",https://www.reddit.com/r/Daytrading/comments/1i2ovau/im_a_professional_trader_and_this_is_everything/,2025-01-16 13:27:16,14,0,Daytrading
"Stock Market Today: Meta to Cut Roughly 5% of Staff, Targeting Lowest Performers + Intel to Turn Venture Arm Into Separate Firm With New Name",https://www.reddit.com/r/Daytrading/comments/1i1k5li/stock_market_today_meta_to_cut_roughly_5_of_staff/,2025-01-14 23:50:13,1,0,Daytrading
Trading and surfing: 5 steps to building your ideal setup,https://www.reddit.com/r/Daytrading/comments/1i1evbk/trading_and_surfing_5_steps_to_building_your/,2025-01-14 19:55:30,109,23,Daytrading
Stock Market Today: The Fedâ€™s Rate Cutting Future Sends Markets into a Tailspin + White House Tightens Grip on AI Chip Exports,https://www.reddit.com/r/Daytrading/comments/1i0rcvx/stock_market_today_the_feds_rate_cutting_future/,2025-01-13 23:01:55,2,0,Daytrading
"Does machine learning indicators  really works ? I just saw an indicator like this it contains machine learning supertrend, ema, sma this is how it looks like and its non re paint do you guys think its worth to try this indicator ?",https://i.redd.it/lpzvava88mce1.png,2025-01-12 19:39:17,1,1,Daytrading
"I'm a professional trader and this is everything I'm watching and analysing in premarket ahead of today's Jobs Report, including across FX, stocks and macro. All the news posted here is collated from Bloomberg Terminal for maximum accuracy.",https://www.reddit.com/r/Daytrading/comments/1hy36wk/im_a_professional_trader_and_this_is_everything/,2025-01-10 12:20:16,526,40,Daytrading
Day Traders of Reddit: Help Me Pick the Right Broker Before I Lose My Sanity!,https://www.reddit.com/r/Daytrading/comments/1hxrm4x/day_traders_of_reddit_help_me_pick_the_right/,2025-01-10 00:20:44,23,71,Daytrading
Random NVDA down wick?,https://www.reddit.com/r/Daytrading/comments/1hwnigp/random_nvda_down_wick/,2025-01-08 16:01:30,2,3,Daytrading
"This presentation is already making headlines. Go NVDA! $ARBE robotics is a huge focus. Autonomous driving, radar and robotics is the next sector to boom no doubt. What other stocks could be plays to watch? Day trading and swing trading these plays will be great imo.",https://i.redd.it/ojmabfkuxhbe1.png,2025-01-07 04:07:50,3,1,Daytrading
Robotics Stocks Set to Follow The Quantum and Ai Sectors. Which are your favorites to trade?,https://i.redd.it/kzk6m38heebe1.png,2025-01-06 16:13:07,5,0,Daytrading
"I'm a professional trader and this is everything I'm watching and analaysing in premarket 06/01. All news collated here is pulled directly from the Bloomberg Terminal for maximum accuracy.
",https://www.reddit.com/r/Daytrading/comments/1hv076r/im_a_professional_trader_and_this_is_everything/,2025-01-06 14:26:13,34,4,Daytrading
Who will be trading the robotics stocks this week? What are your favorite plays?,https://i.redd.it/81sswnbzu6be1.png,2025-01-05 14:51:22,7,15,Daytrading
Cernece $CRNC ,https://www.reddit.com/r/Daytrading/comments/1hu7vcg/cernece_crnc/,2025-01-05 14:12:19,5,1,Daytrading
Stock Market Today: Biden Blocks $14 billion Acquisition Of US Steel By Japanâ€™s Nippon Steel + Microsoftâ€™s $80 Billion AI Bet,https://www.reddit.com/r/Daytrading/comments/1ht49iq/stock_market_today_biden_blocks_14_billion/,2025-01-04 02:35:07,6,0,Daytrading
"THE POWER OF CONVICTION!  ""Big move is expected tomorrow for NVDA and NQ to follow....""  PART 2",https://www.reddit.com/r/Daytrading/comments/1hspbev/the_power_of_conviction_big_move_is_expected/,2025-01-03 15:43:33,1,6,Daytrading
"Stock Market Today: S&P 500 Crushes 2024 + 2025: A Year of AI, Utilities, And Crypto",https://www.reddit.com/r/Daytrading/comments/1hqrxhp/stock_market_today_sp_500_crushes_2024_2025_a/,2025-01-01 00:37:51,1,0,Daytrading
Stock Market Today: Nvidia Locks In $700M AI Play + Jeju Air Tragedy Sends Shockwaves Through Aviation,https://www.reddit.com/r/Daytrading/comments/1hq0lwv/stock_market_today_nvidia_locks_in_700m_ai_play/,2024-12-30 23:22:15,1,0,Daytrading
Changed the way I trade and results improved dramatically,https://www.reddit.com/gallery/1hptbd4,2024-12-30 18:07:29,389,50,Daytrading
Today's AI Generated Day Trade/Scalping Watchlist 12/30/2024,https://www.reddit.com/r/Daytrading/comments/1hpmetv/todays_ai_generated_day_tradescalping_watchlist/,2024-12-30 12:40:53,5,5,Daytrading
The Dawn of an AI Explosion: Six Exciting Breakthroughs for the Next Decade!,https://www.reddit.com/r/Daytrading/comments/1hpj1ec/the_dawn_of_an_ai_explosion_six_exciting/,2024-12-30 08:47:47,0,0,Daytrading
Looking for a tool to run my Breakout Scanner script across all US Stocks â€“ Any Suggestions?,https://www.reddit.com/r/Daytrading/comments/1hnhlxy/looking_for_a_tool_to_run_my_breakout_scanner/,2024-12-27 15:43:48,1,1,Daytrading
"Am I able to spot liquidity sweeps, or am I missing the mark?",https://www.reddit.com/gallery/1hn3wor,2024-12-27 01:47:02,6,5,Daytrading
"Stock Market Today: Nordstrom Checks Out of Wall Street + New Year, New Fed Votes",https://www.reddit.com/r/Daytrading/comments/1hl2ajw/stock_market_today_nordstrom_checks_out_of_wall/,2024-12-24 01:10:44,2,0,Daytrading
Nvidia today,https://www.reddit.com/r/Daytrading/comments/1hl0f53/nvidia_today/,2024-12-23 23:32:05,0,2,Daytrading
Unusual amount of late prints in NVDA,https://www.reddit.com/r/Daytrading/comments/1hkpwjz/unusual_amount_of_late_prints_in_nvda/,2024-12-23 15:19:38,0,2,Daytrading
Finally quitting day trading ,https://www.reddit.com/gallery/1hi4v47,2024-12-19 22:24:03,782,652,Daytrading
I'm a full time trader and this is everything I'm watching and analysing in premarket 18/12 ahead of today's FOMC meeting. ,https://www.reddit.com/r/Daytrading/comments/1hh17c5/im_a_full_time_trader_and_this_is_everything_im/,2024-12-18 13:08:03,1,0,Daytrading
Stock Market Today: Honda and Nissan Might Merge to Take on the Big Dogs + Dowâ€™s Nine-Day Slide â€” Is It Really That Bad?,https://www.reddit.com/r/Daytrading/comments/1hgqlv8/stock_market_today_honda_and_nissan_might_merge/,2024-12-18 01:37:58,1,0,Daytrading
"Nvidiaâ€™s price action gave me a headache. Added puts, sold a minute before it dumped. ",https://i.redd.it/vm4ms2cayg7e1.jpeg,2024-12-17 20:31:10,21,11,Daytrading
Stock Market Today: Drones Are Soaring on Wall Street + Bitcoin Hits $107K,https://www.reddit.com/r/Daytrading/comments/1hfw4ij/stock_market_today_drones_are_soaring_on_wall/,2024-12-16 22:56:37,1,0,Daytrading
seek some suggestions as a new day trader(options),https://www.reddit.com/r/Daytrading/comments/1he0m2n/seek_some_suggestions_as_a_new_day_traderoptions/,2024-12-14 10:59:22,2,7,Daytrading
All of my plays for this week ,https://i.redd.it/vrr4rv80rq6e1.jpeg,2024-12-14 04:24:01,8,1,Daytrading
Stock Market Today: Buzzfeed Sells First We Feast (Hot Ones) + YouTube TV Raises Prices Again,https://www.reddit.com/r/Daytrading/comments/1hds7jg/stock_market_today_buzzfeed_sells_first_we_feast/,2024-12-14 01:51:47,1,0,Daytrading
Quick $12k CC swing trade on NVDA,https://i.redd.it/etpr56zj1n6e1.jpeg,2024-12-13 15:56:00,1,2,Daytrading
"Stock Market Today: ServiceTitan Shares Soar 42% in Blockbuster IPO + Earnings From Broadcom, Costco & Adobe",https://www.reddit.com/r/Daytrading/comments/1hd1u08/stock_market_today_servicetitan_shares_soar_42_in/,2024-12-13 02:11:40,1,0,Daytrading
"Premarket report 12/12, after PPI comes slightly hot. All the news here is collated from the Bloomberg Terminal for best accuracy.",https://www.reddit.com/r/Daytrading/comments/1hcm7q0/premarket_report_1212_after_ppi_comes_slightly/,2024-12-12 14:25:33,2,0,Daytrading
Stock Market Today: Amazon Adds 'Car Shopping' to Its Cart + Appleâ€™s AI Ambitions Take Shape with Broadcom Partnership,https://www.reddit.com/r/Daytrading/comments/1hc7g9w/stock_market_today_amazon_adds_car_shopping_to/,2024-12-11 23:34:31,1,0,Daytrading
"This Week in Markets (Dec 9th): Nvidia Stumbles, Retail Surges, & The Fed Keeps Us Guessing",https://www.reddit.com/r/Daytrading/comments/1hascwb/this_week_in_markets_dec_9th_nvidia_stumbles/,2024-12-10 03:19:27,1,0,Daytrading
Stock Market Today: China Opens Probe Into Nvidia + Mondelez Takes Another Bite at Hershey,https://www.reddit.com/r/Daytrading/comments/1hamko1/stock_market_today_china_opens_probe_into_nvidia/,2024-12-09 22:37:52,1,0,Daytrading
"I'm a full time trader and this is everything I'm watching and analysing in premarket 09/12 as China shifts their monetary policy to ""moderately Loose', sending Chinese equities higher. ",https://www.reddit.com/r/Daytrading/comments/1ha9hqp/im_a_full_time_trader_and_this_is_everything_im/,2024-12-09 13:17:02,85,4,Daytrading
"Trying to understand the market on a deeper level, a few questions:",https://www.reddit.com/r/Daytrading/comments/1h8wlqv/trying_to_understand_the_market_on_a_deeper_level/,2024-12-07 16:50:49,1,0,Daytrading
"Stock Market Today: Lululemonâ€™s Comeback Stretch, Biggest Surge Since 2008 + Chrysler: Once an Icon, Now Running on Empty",https://www.reddit.com/r/Daytrading/comments/1h8hbv8/stock_market_today_lululemons_comeback_stretch/,2024-12-07 01:29:56,2,0,Daytrading
"PREMARKET REPORT 05/12 - Catch up on all the market moving news in premarket across earnings, macro, stocks and more in one place. All the news here is collated from the Bloomberg Terminal for best accuracy.",https://www.reddit.com/r/Daytrading/comments/1h792pq/premarket_report_0512_catch_up_on_all_the_market/,2024-12-05 13:23:39,7,0,Daytrading
Thoughts ,https://www.reddit.com/gallery/1h63ceb,2024-12-04 00:48:25,142,38,Daytrading
Watchlist 12/04,https://www.reddit.com/r/Daytrading/comments/1h61vj8/watchlist_1204/,2024-12-03 23:42:34,2,7,Daytrading
Stock Market Today: Intel CEO Pat Gelsinger Out + Tesla CEO Elon Musk loses bid to get $56 billion pay package reinstated,https://www.reddit.com/r/Daytrading/comments/1h598iw/stock_market_today_intel_ceo_pat_gelsinger_out/,2024-12-02 23:31:34,1,1,Daytrading
PREMARKET REPORT 02/12 - Manually collating all the headlines from Bloomberg Terminal and other sources for you to get the info you need quickly this morning. ,https://www.reddit.com/r/Daytrading/comments/1h4u7d8/premarket_report_0212_manually_collating_all_the/,2024-12-02 12:48:51,62,2,Daytrading
Analyzing Key Levels for Monday: Tesla (TSLA) and Nvidia (NVDA),https://www.reddit.com/r/Daytrading/comments/1h43369/analyzing_key_levels_for_monday_tesla_tsla_and/,2024-12-01 13:17:54,1,1,Daytrading
Nvidia Black Friday Trade Setup,https://youtu.be/knvtxxHrMkw,2024-11-29 14:19:31,2,0,Daytrading
Stock Market Today: Amazon Throws Another $4 Billion Into Anthropic + Gap Jumps After Lifting Outlook Ahead of Key Shopping Season,https://www.reddit.com/r/Daytrading/comments/1gxoahe/stock_market_today_amazon_throws_another_4/,2024-11-23 01:38:44,0,0,Daytrading
Magnificent 7 Revenue Growth,https://i.redd.it/q8helt0l7h2e1.jpeg,2024-11-22 16:03:06,27,6,Daytrading
Stock Market Today: MicroStrategy Tumbles After Citron Research Shorts the Stock + Comcast Spins Off Cable Networks,https://www.reddit.com/r/Daytrading/comments/1gwu2uz/stock_market_today_microstrategy_tumbles_after/,2024-11-21 23:50:32,1,0,Daytrading
trying to learn and find a long term strategy,https://www.reddit.com/r/Daytrading/comments/1gwogym/trying_to_learn_and_find_a_long_term_strategy/,2024-11-21 19:50:10,0,11,Daytrading
"I'm a full time trader and this is everything I'm watching and analysing in premarket 21/11 - Including full detailed review of NVDA earnings, SNOW earnings and PANW earnings.",https://www.reddit.com/r/Daytrading/comments/1gwfrx2/im_a_full_time_trader_and_this_is_everything_im/,2024-11-21 13:03:48,74,1,Daytrading
Stock Market Today: Nvidiaâ€™s AI Crown Is Getting Heavier + Target Shares Tumble on Earnings Miss,https://www.reddit.com/r/Daytrading/comments/1gw2u0v/stock_market_today_nvidias_ai_crown_is_getting/,2024-11-21 00:20:06,2,0,Daytrading
Nvidia beats earnings,https://i.redd.it/rf1hxp0x052e1.jpeg,2024-11-20 23:03:50,391,30,Daytrading
~504 billion worth of nvidia options have been traded year to date,https://i.redd.it/qzro7nmxe02e1.jpeg,2024-11-20 07:33:29,39,11,Daytrading
Stock Market Today: Walmart Raises Outlook + Qualcomm Expects to Make $22 Billion,https://www.reddit.com/r/Daytrading/comments/1gvbqqx/stock_market_today_walmart_raises_outlook/,2024-11-19 23:48:50,1,2,Daytrading
I'm a full time trader and this is everything I'm watching and analysing in premarket 19/11 as Ukraine launches the first ATACMS attack. ,https://www.reddit.com/r/Daytrading/comments/1guwzhn/im_a_full_time_trader_and_this_is_everything_im/,2024-11-19 13:21:59,112,8,Daytrading
Stock Market Today: Tesla Stock Pops After Report Trump Wants To Relax U.S. Self-Driving Rules + Super Micro Climbs Out of the Abyss,https://www.reddit.com/r/Daytrading/comments/1gujvo7/stock_market_today_tesla_stock_pops_after_report/,2024-11-19 00:11:28,1,0,Daytrading
Implied Move vs Average Past Move for This Week Earnings Releases,https://i.redd.it/csph2t7l8o1e1.png,2024-11-18 14:37:16,21,1,Daytrading
Nvidia Blackwell AI Chips Face Overheating Issues in Servers,https://www.nasdaq.com/articles/nvidia-blackwell-ai-chips-face-overheating-issues-servers,2024-11-18 13:02:22,1,4,Daytrading
Stock Market Today: Netflixâ€™s Heavyweight Gamble: Tyson vs. Paul + Meta To Face Us Antitrust Trial Over Acquisitions Of Instagram and Whatsapp,https://www.reddit.com/r/Daytrading/comments/1gsczr0/stock_market_today_netflixs_heavyweight_gamble/,2024-11-16 02:08:28,5,0,Daytrading
Stock Market Today: Vaccine Stocks Catch a Cold on Kennedy's Nomination + Disney Surges On Streaming Growth,https://www.reddit.com/r/Daytrading/comments/1grjfiq/stock_market_today_vaccine_stocks_catch_a_cold_on/,2024-11-15 00:14:08,1,1,Daytrading
Stock Market Today: Spirit Airlines Braces For Bankruptcy + Amazon Takes On Temu and Shein With Discount â€˜Amazon Haulâ€™ store,https://www.reddit.com/r/Daytrading/comments/1gqqwo7/stock_market_today_spirit_airlines_braces_for/,2024-11-13 23:31:12,0,0,Daytrading
Stock Market Today: Tesla Hits 1 Trillion + Retailers Are Prepping For Tariffs,https://www.reddit.com/r/Daytrading/comments/1gmz3t8/stock_market_today_tesla_hits_1_trillion/,2024-11-09 01:45:19,4,0,Daytrading
Stock Market Today: Trump Trade Is Back + Prediction Markets Are Having Their Moment,https://www.reddit.com/r/Daytrading/comments/1gldhxp/stock_market_today_trump_trade_is_back_prediction/,2024-11-07 00:18:22,1,1,Daytrading
"Stock Market Today: Buffett Is Sitting On $300 Billion + Palantir Reports Record Profit, Cites â€˜Unwaveringâ€™ AI Demand",https://www.reddit.com/r/Daytrading/comments/1gjtaus/stock_market_today_buffett_is_sitting_on_300/,2024-11-05 00:00:15,2,0,Daytrading
Nvidiaâ€™s GeForce RTX 5090 and 5080 sell out almost instantly,https://www.pcworld.com/article/2593506/nvidia-rtx-5090-and-5080-sell-out-almost-immediately.html,2025-01-30 21:50:59,2251,348,wallstreetbets
DD: What is going on with China's recent developments in quantum computing?,https://www.reddit.com/r/wallstreetbets/comments/1idxpf3/dd_what_is_going_on_with_chinas_recent/,2025-01-30 21:13:20,4,39,wallstreetbets
Rare Market Divergence: A Warning Sign or Just a Blip?,https://i.redd.it/x29zfkfnw6ge1.jpeg,2025-01-30 20:21:22,272,130,wallstreetbets
All in with NVDA,https://i.redd.it/16phg7tdu6ge1.jpeg,2025-01-30 20:08:40,240,118,wallstreetbets
NVDA Patience not Panic,https://i.redd.it/8go7l93r16ge1.jpeg,2025-01-30 17:28:11,222,110,wallstreetbets
Nvidia retail investors told us why they're unfazed by DeepSeek's market disruption and refusing to sell,https://markets.businessinsider.com/news/stocks/nvidia-stock-crash-tech-selloff-ai-chips-gpu-deepseek-traders-2025-1,2025-01-30 16:22:09,1306,293,wallstreetbets
"CSP NVDA @ $115 , collecting $25k premium",https://i.redd.it/kr33cbpzw1ge1.jpeg,2025-01-30 03:34:21,39,70,wallstreetbets
all Ws in the roth YTD,https://i.redd.it/sw8rzj9cwzfe1.png,2025-01-29 20:47:28,40,9,wallstreetbets
NVDA is trading at 5 year low valuations (-1.8 std dev) versus its comps,https://i.redd.it/jf0hvzkhozfe1.jpeg,2025-01-29 20:04:35,319,124,wallstreetbets
Nvidia is lighting the fuse on Micron's rocket!,https://wccftech.com/nvidia-ceo-jensen-huang-says-samsung-hbm-process-cannot-be-trusted/,2025-01-29 19:58:15,126,36,wallstreetbets
Let's talk about META's earnings.,https://www.reddit.com/r/wallstreetbets/comments/1id1pqu/lets_talk_about_metas_earnings/,2025-01-29 19:06:21,24,15,wallstreetbets
Nvidia stock crash saw retail investors dump more than $900 million into the name,https://finance.yahoo.com/news/nvidia-stock-crash-saw-retail-investors-dump-more-than-900-million-into-the-name-174826054.html,2025-01-29 18:32:21,3387,340,wallstreetbets
Nvidia is in danger of losing its monopoly-like margins,https://www.economist.com/business/2025/01/28/nvidia-is-in-danger-of-losing-its-monopoly-like-margins,2025-01-29 16:46:29,4095,656,wallstreetbets
"NVDA had a $177 price target before CES, $190 after CES, and Morgan Stanley still says $152. So why the sell off?",https://www.reddit.com/r/wallstreetbets/comments/1icni6i/nvda_had_a_177_price_target_before_ces_190_after/,2025-01-29 06:17:49,60,71,wallstreetbets
Microsoft and OpenAI Probing If DeepSeek-Linked Group Improperly Obtained OpenAI Data,https://www.bloomberg.com/news/articles/2025-01-29/microsoft-probing-if-deepseek-linked-group-improperly-obtained-openai-data,2025-01-29 03:16:58,2362,574,wallstreetbets
Thanks NVDA.. appreciate u! ðŸ™,https://www.reddit.com/gallery/1icj7hc,2025-01-29 02:15:11,19,6,wallstreetbets
DeepSeek training cost - the $95 mil difference,https://www.reddit.com/r/wallstreetbets/comments/1icdu1d/deepseek_training_cost_the_95_mil_difference/,2025-01-28 22:08:54,635,234,wallstreetbets
Results of Buy the dip.,https://www.reddit.com/gallery/1icb794,2025-01-28 20:19:34,53,15,wallstreetbets
Bought AVGO and NVIDIA,https://i.redd.it/4a78df98esfe1.jpeg,2025-01-28 19:33:10,34,10,wallstreetbets
Bought the NVIDIA DIP YESTERDAYðŸš€ðŸš€,https://i.redd.it/qms6sos5esfe1.jpeg,2025-01-28 19:32:48,2060,162,wallstreetbets
"2025 Year-to-Date GAIN [ $258k ] Wheeling TSLA , MSTR , NVDA",https://www.reddit.com/gallery/1ic8ekt,2025-01-28 18:27:32,42,30,wallstreetbets
"Fuck*ng legend , up more than 4% since his tweet",https://i.redd.it/5eot9swrrrfe1.png,2025-01-28 17:27:18,13277,394,wallstreetbets
"Tigress raises NVIDIA stock to Strong Buy, sets $220 target By Investing.com",https://www.investing.com/news/analyst-ratings/tigress-raises-nvidia-stock-to-strong-buy-sets-220-target-93CH-3834903,2025-01-28 17:25:59,130,29,wallstreetbets
"8 out of 10 ""biggest one-day losses"" in the history have been Nvidia",https://i.redd.it/7yiv3xuiprfe1.jpeg,2025-01-28 17:14:45,3495,235,wallstreetbets
12K Into 130 NVDA Calls for MAR 7. Realest DD Inside,https://www.reddit.com/r/wallstreetbets/comments/1ic5lja/12k_into_130_nvda_calls_for_mar_7_realest_dd/,2025-01-28 16:33:25,37,35,wallstreetbets
Retail investors bought record amount of Nvidia stock in DeepSeek rout,https://www.reuters.com/technology/retail-investors-bought-record-amount-nvidia-stock-deepseek-rout-2025-01-28/,2025-01-28 15:41:21,5531,634,wallstreetbets
Morgan Stanley cuts Nvidia stock target after DeepSeek release,https://www.investing.com/news/stock-market-news/morgan-stanley-cuts-nvidia-stock-target-after-deepseek-release-3833846,2025-01-28 14:54:58,738,143,wallstreetbets
$31k NVDA Calls - Scared money don't make money,https://i.redd.it/a9d9hq9h0rfe1.jpeg,2025-01-28 14:54:18,176,85,wallstreetbets
"Trump To Tariff Chips Made In Taiwan, Targeting TSMC",https://au.pcmag.com/computers-electronics/109466/trump-to-tariff-chips-made-in-taiwan-targeting-tsmc,2025-01-28 03:02:00,14632,2533,wallstreetbets
Nvidia is a solid play here at this level looking for 127 by this Friday,https://i.redd.it/jdm79y9t8nfe1.jpeg,2025-01-28 02:13:54,161,65,wallstreetbets
yoloing nvidia with 21k,https://i.redd.it/kqv01fix7mfe1.jpeg,2025-01-27 22:47:10,21,23,wallstreetbets
Nvidiaâ€™s $590 Billion DeepSeek Rout Is Largest in Market History,https://www.reuters.com/technology/chinas-deepseek-sets-off-ai-market-rout-2025-01-27/,2025-01-27 22:18:07,1180,191,wallstreetbets
"Future me whenever I hear the words ""Deep"" and ""Seek"" in the same sentence",https://i.redd.it/ddioafd4qlfe1.png,2025-01-27 21:08:05,1295,31,wallstreetbets
Believe it or not calls it is,https://i.redd.it/pk0bkxfkclfe1.jpeg,2025-01-27 19:51:22,240,65,wallstreetbets
Bullish or copium? Nvidia statementâ€¦,https://www.reddit.com/r/wallstreetbets/comments/1ibhvoe/bullish_or_copium_nvidia_statement/,2025-01-27 19:36:00,50,45,wallstreetbets
Gimme more bags,https://www.reddit.com/r/wallstreetbets/comments/1ibdusi/gimme_more_bags/,2025-01-27 16:56:31,12,6,wallstreetbets
+24k PLTR $77p 1/31,https://i.redd.it/pp0kb81mvjfe1.jpeg,2025-01-27 14:54:33,26,4,wallstreetbets
"Nvidia, chip stocks plummet amid market sell-off as DeepSeek prompts questions over AI spending",https://finance.yahoo.com/news/nvidia-chip-stocks-plummet-amid-market-sell-off-as-deepseek-prompts-questions-over-ai-spending-135105450.html,2025-01-27 14:50:31,2373,453,wallstreetbets
NVDA 20k puts update: +453% now worth 104k,https://i.redd.it/ctqqbgzjsjfe1.jpeg,2025-01-27 14:37:26,5974,244,wallstreetbets
NVDAâ€™s DeepSeek Sell-Off: This Is a Jevons Paradox Buying Opportunity,https://www.reddit.com/r/wallstreetbets/comments/1ib9u95/nvdas_deepseek_selloff_this_is_a_jevons_paradox/,2025-01-27 14:05:55,1973,829,wallstreetbets
Sell side analyst notes on NVDA this morning,https://www.reddit.com/r/wallstreetbets/comments/1ib9lud/sell_side_analyst_notes_on_nvda_this_morning/,2025-01-27 13:55:01,141,102,wallstreetbets
DeepSeek Puts Tech Stocks on Track for $1 Trillion Wipeout,https://www.bloomberg.com/news/articles/2025-01-27/nasdaq-futures-slump-as-china-s-deepseek-sparks-us-tech-concern,2025-01-27 10:40:06,14328,1999,wallstreetbets
My loss of 2024,https://www.reddit.com/gallery/1iatjmu,2025-01-26 23:18:37,355,147,wallstreetbets
NVDA: Pioneering Quantum Computing's Future,https://i.redd.it/rphs727j7cfe1.jpeg,2025-01-26 13:07:08,701,118,wallstreetbets
"NVDA Puts - original 20k Up 43% to 27k, still holding, gap down Monday coming",https://www.reddit.com/r/wallstreetbets/comments/1i9z1wn/nvda_puts_original_20k_up_43_to_27k_still_holding/,2025-01-25 22:36:55,551,330,wallstreetbets
20k nvidia put position. The Chinese have trained a state of the art model with barely any compute costs. Itâ€™s over for the nvidia train,https://i.redd.it/fhxpumvczyee1.png,2025-01-24 16:39:09,278,349,wallstreetbets
Nvidia YOLO part 2,https://www.reddit.com/gallery/1i8l8d1,2025-01-24 02:37:29,46,68,wallstreetbets
SCARED MONEY DON'T MAKE MONEY,https://www.reddit.com/gallery/1i8czur,2025-01-23 20:23:02,1736,252,wallstreetbets
Iâ€™m in college and just lost $4k on Nvidia,https://i.redd.it/42mkfu0b4see1.jpeg,2025-01-23 17:33:24,5234,1922,wallstreetbets
"Intel will be the surprise overperformer in 2025, starting with the 1/30 ER.",https://www.reddit.com/r/wallstreetbets/comments/1i70b11/intel_will_be_the_surprise_overperformer_in_2025/,2025-01-22 02:19:40,575,314,wallstreetbets
NVIDIA takes the crown from Apple as most valuable company,https://qz.com/nvidia-most-valuable-company-world-apple-iphone-stock-1851744066,2025-01-21 22:52:52,2634,95,wallstreetbets
I bought $300k worth of Intel stock today,https://www.reddit.com/r/wallstreetbets/comments/1i6thls/i_bought_300k_worth_of_intel_stock_today/,2025-01-21 21:13:23,4209,857,wallstreetbets
Do you agree with him that Nvidia is currently undervalued given its dominance in AI? ,https://v.redd.it/ug44wg29vrde1,2025-01-18 15:38:50,894,361,wallstreetbets
"Intel just stole Nvidiaâ€™s lunch money with the Arc B570...if you canâ€™t beat em, buy em, cuz the new Arc GPUs are an unbeatable value",https://www.digitaltrends.com/computing/nvidia-rtx-4060-vs-intel-arc-b570/,2025-01-17 17:48:49,1509,347,wallstreetbets
NVMIðŸš€ðŸš€ðŸš€ðŸš€ðŸŒ™ðŸŒ™ðŸŒ™+hit 300k,https://i.redd.it/car5vjck7ede1.jpeg,2025-01-16 17:42:36,21,8,wallstreetbets
TSM Earnings: Is AVGO's 2024 Revenue Quadrupling to $90B? The Signs Point to YES!,https://www.reddit.com/r/wallstreetbets/comments/1i2ptxt/tsm_earnings_is_avgos_2024_revenue_quadrupling_to/,2025-01-16 14:15:04,40,32,wallstreetbets
For all the non-believers ,https://i.redd.it/focqq1y0wcde1.jpeg,2025-01-16 13:16:11,5136,270,wallstreetbets
SERV's food delivery robots will fail and I can prove it,https://www.reddit.com/r/wallstreetbets/comments/1i252rn/servs_food_delivery_robots_will_fail_and_i_can/,2025-01-15 19:09:08,222,110,wallstreetbets
"BREAKING: NVIDIA Announces â€œQuantum Dayâ€ March 20, 2025",https://blogs.nvidia.com/blog/gtc-2025-quantum-day/,2025-01-15 03:01:39,2104,312,wallstreetbets
Covered calls strategies on Nvida with ultra-low cost-base,https://www.reddit.com/r/wallstreetbets/comments/1i1i2d5/covered_calls_strategies_on_nvida_with_ultralow/,2025-01-14 22:15:30,27,30,wallstreetbets
NBIS - Picks & Shovels but make it AI,https://www.reddit.com/r/wallstreetbets/comments/1i1dgr6/nbis_picks_shovels_but_make_it_ai/,2025-01-14 18:57:27,80,43,wallstreetbets
NTDOY as NVDA play,https://www.forbes.com/sites/paultassi/2025/01/13/the-nintendo-switch-2-may-have-an-imminent-reveal-date-says-new-report/,2025-01-14 16:26:50,17,27,wallstreetbets
SPY 7k YOLO update,https://www.reddit.com/gallery/1i17kzw,2025-01-14 14:44:12,62,30,wallstreetbets
Long term Nvidia hodls in 2030,https://v.redd.it/dkml52aakdce1,2025-01-11 14:28:07,5083,199,wallstreetbets
interesting Forbes article: What Nvidiaâ€™s CEO Missed About Quantum Computing,https://www.reddit.com/r/wallstreetbets/comments/1hye4di/interesting_forbes_article_what_nvidias_ceo/,2025-01-10 20:30:06,0,11,wallstreetbets
"Nvidia's Jensen Huang is 'dead wrong' about quantum computers, D-Wave CEO says ",https://www.cnbc.com/2025/01/08/nvidia-ceo-jensen-huang-is-dead-wrong-about-quantum-d-wave-ceo.html,2025-01-10 04:02:11,1159,324,wallstreetbets
I see your nvidia and raise you advanced money destroyer,https://i.redd.it/gfzqzpruw1ce1.jpeg,2025-01-09 23:17:03,787,209,wallstreetbets
Robotics stocks will be the next wave of hypergrowth,https://www.reddit.com/r/wallstreetbets/comments/1hxl8m4/robotics_stocks_will_be_the_next_wave_of/,2025-01-09 19:40:32,2128,816,wallstreetbets
Recent GPU restrictions âž¡ï¸ Bullish for Cloud,https://www.reddit.com/r/wallstreetbets/comments/1hxfr6z/recent_gpu_restrictions_bullish_for_cloud/,2025-01-09 15:50:11,52,32,wallstreetbets
"Biden to Further Limit Nvidia, AMD AI Chip Exports",https://www.bloomberg.com/news/articles/2025-01-08/biden-to-further-limit-nvidia-amd-ai-chip-exports-in-final-push,2025-01-08 21:51:12,2486,262,wallstreetbets
Buying the RGTI Dip? Stop. Think. ,https://www.reddit.com/r/wallstreetbets/comments/1hwpbpx/buying_the_rgti_dip_stop_think/,2025-01-08 17:14:14,1366,590,wallstreetbets
Quantum stocks today,https://www.reddit.com/r/wallstreetbets/comments/1hwnjh2/quantum_stocks_today/,2025-01-08 16:02:38,546,503,wallstreetbets
Quantum computing stocks drop after hours after NVIDIA CEO says use is years away,https://www.reddit.com/r/wallstreetbets/comments/1hw9eji/quantum_computing_stocks_drop_after_hours_after/,2025-01-08 02:41:49,4843,761,wallstreetbets
NVDA YOLO WHATS NEXT,https://i.redd.it/3t1ys66gmkbe1.png,2025-01-07 13:08:27,129,34,wallstreetbets
Jensen Huang basically told us what to invest in.,https://i.redd.it/8kmywq6dwjbe1.jpeg,2025-01-07 10:42:15,5315,398,wallstreetbets
"Nvidia announces $3,000 personal AI supercomputer called Digits",https://www.theverge.com/2025/1/6/24337530/nvidia-ces-digits-super-computer-ai,2025-01-07 08:56:58,2376,254,wallstreetbets
$50K Gain NVDA,https://i.redd.it/3ha84zcp9hbe1.jpeg,2025-01-07 01:51:40,156,37,wallstreetbets
The current U.S. stock market valuation has reached 2000 and 2021 levels.  Will this time be different?,https://www.reddit.com/r/wallstreetbets/comments/1hv91vx/the_current_us_stock_market_valuation_has_reached/,2025-01-06 20:33:24,335,265,wallstreetbets
Nvidia Tendies,https://i.redd.it/cb7dlsz81fbe1.jpeg,2025-01-06 18:20:43,23,5,wallstreetbets
$BBAI- Is It Worth A Shot? ,https://www.reddit.com/r/wallstreetbets/comments/1hv5dbj/bbai_is_it_worth_a_shot/,2025-01-06 18:04:36,64,91,wallstreetbets
Buy Advanced Micro Devices ($AMD),https://www.reddit.com/r/wallstreetbets/comments/1huf7v4/buy_advanced_micro_devices_amd/,2025-01-05 19:39:21,588,423,wallstreetbets
Jensen carrying the weight of the world,https://i.redd.it/kdkxyd6ne1be1.jpeg,2025-01-04 20:33:00,25042,728,wallstreetbets
"NVIDIA Is Now Rumored To Switch Towards Samsung Foundry For 2nm Process, Ditching TSMC Due To High Costs",https://wccftech.com/nvidia-is-rumored-to-switch-towards-samsung-foundry-for-2nm-process/,2025-01-04 13:18:07,2968,294,wallstreetbets
Nvidia stock leads Mag 7 gains to start 2025 after megacap tech selloff,https://finance.yahoo.com/news/nvidia-stock-leads-mag-7-gains-to-start-2025-after-megacap-tech-selloff-173433121.html,2025-01-02 17:50:51,30,4,wallstreetbets
"$KULR is massively overvalued because of a deceitful CEO. The DD no one asked for.
",https://www.reddit.com/r/wallstreetbets/comments/1hrwxcq/kulr_is_massively_overvalued_because_of_a/,2025-01-02 15:59:22,1144,296,wallstreetbets
"""most day traders lose money"".  just cus you cant do it, it doesnt mean others cant!  how much you made ""investing"" this year 2024 ?",https://www.reddit.com/gallery/1hqzcao,2025-01-01 09:01:33,0,28,wallstreetbets
ByteDance Planned to Spend $7 Billion on Nvidia Chips Next Year,https://www.theinformation.com/articles/bytedance-planned-to-spend-7-billion-on-nvidia-chips-next-year,2024-12-30 15:59:34,488,62,wallstreetbets
"AI Stocks: Tech Giants, Cloud Titans Face 'Show Me' Moment. Nvidia Mojo Gone? ",https://www.investors.com/news/technology/artificial-intelligence-stocks/,2024-12-30 08:19:03,32,6,wallstreetbets
"NVIDIA's GPU monster is about to come out of the cage, and today's prices will be its starting point.",https://www.reddit.com/r/wallstreetbets/comments/1hnh1zp/nvidias_gpu_monster_is_about_to_come_out_of_the/,2024-12-27 15:18:54,0,33,wallstreetbets
"NVIDIA's $30 billion net retail buy-in in 2024 and when NVIDIA's market cap will overtake Apple's with the rise of artificial intelligence

",https://www.reddit.com/r/wallstreetbets/comments/1hmpdfx/nvidias_30_billion_net_retail_buyin_in_2024_and/,2024-12-26 14:26:23,220,55,wallstreetbets
NVDA positions going into 2025,https://i.redd.it/ez1bnjg9bw8e1.jpeg,2024-12-25 01:14:43,50,38,wallstreetbets
2024 gainz recap,https://www.reddit.com/r/wallstreetbets/comments/1hlo14p/2024_gainz_recap/,2024-12-24 22:28:24,14,9,wallstreetbets
"Bullish on Intel boys, but why isnâ€™t the market?",https://www.reddit.com/r/wallstreetbets/comments/1hl6z8l/bullish_on_intel_boys_but_why_isnt_the_market/,2024-12-24 05:45:29,137,268,wallstreetbets
Thanks to NVDA for the Christmas gift!,https://www.reddit.com/r/wallstreetbets/comments/1hkuz7y/thanks_to_nvda_for_the_christmas_gift/,2024-12-23 19:11:21,63,14,wallstreetbets
Gifts from Santa Claus,https://www.reddit.com/r/wallstreetbets/comments/1hkpqc4/gifts_from_santa_claus/,2024-12-23 15:11:18,35,14,wallstreetbets
Nvidia will moon - In Depth Benchmarking tests of AMD MX300 vs Nvidia H100 and H200 by SemiAnalysis,https://www.reddit.com/r/wallstreetbets/comments/1hkb3x4/nvidia_will_moon_in_depth_benchmarking_tests_of/,2024-12-22 23:52:51,178,91,wallstreetbets
Nvidia may postpone volume ramp-up of Blackwell machines: TrendForce,https://www.reddit.com/r/wallstreetbets/comments/1hiyqb4/nvidia_may_postpone_volume_rampup_of_blackwell/,2024-12-21 01:10:02,15,29,wallstreetbets
How Nvidia Stock Could Fall To $65,https://www.forbes.com/sites/greatspeculations/2024/12/20/how-nvidia-stock-could-fall-to-65/,2024-12-21 00:27:40,0,27,wallstreetbets
Why no Moon? NVDA ,https://i.redd.it/uod8cm66w18e1.jpeg,2024-12-20 18:56:44,1,9,wallstreetbets
"$SERV DD, long term play - Nvidia tendies?",https://www.reddit.com/r/wallstreetbets/comments/1hibt9k/serv_dd_long_term_play_nvidia_tendies/,2024-12-20 04:26:32,24,11,wallstreetbets
"Nvidia Will Be the next Intel, Why I'm bearish long term. TSMC is the true winner(assuming China doesn't invade)",https://www.reddit.com/r/wallstreetbets/comments/1hibs0s/nvidia_will_be_the_next_intel_why_im_bearish_long/,2024-12-20 04:24:32,0,48,wallstreetbets
NVDA AAPL gains realized (2 fotos),https://www.reddit.com/gallery/1hhxm86,2024-12-19 17:07:31,34,19,wallstreetbets
What is YOUR Quantum Bet for 2025?,https://www.reddit.com/r/wallstreetbets/comments/1hhwak5/what_is_your_quantum_bet_for_2025/,2024-12-19 16:10:20,84,151,wallstreetbets
"Quantum Computing Stocks Landscape, December 2024",https://www.reddit.com/r/wallstreetbets/comments/1hhjs8y/quantum_computing_stocks_landscape_december_2024/,2024-12-19 03:31:30,60,52,wallstreetbets
IN NVDA WE TRUST,https://i.redd.it/tnemviyhlo7e1.jpeg,2024-12-18 22:13:54,17,4,wallstreetbets
Sharing a Market Brief for today,https://www.reddit.com/r/wallstreetbets/comments/1hh6ezb/sharing_a_market_brief_for_today/,2024-12-18 17:15:11,39,4,wallstreetbets
So far so good. NVDA ,https://www.reddit.com/gallery/1hh5r75,2024-12-18 16:46:53,11,1,wallstreetbets
Am I gonna print or no? ,https://i.redd.it/15yjud96eg7e1.jpeg,2024-12-17 18:38:24,42,70,wallstreetbets
Broadcomâ€™s Nvidia moment ,https://i.redd.it/iq4wo1x0if7e1.png,2024-12-17 15:38:12,84,24,wallstreetbets
NVDA vs AVGO,https://www.reddit.com/r/wallstreetbets/comments/1hg7zpe/nvda_vs_avgo/,2024-12-17 10:42:53,13,37,wallstreetbets
Nvidia Stock Hits Sell Zone On Power-Chip Overheating Issue,https://www.investors.com/news/technology/nvidia-stock-sell-zone-power-chip-overheating-issue/,2024-12-17 02:28:58,59,41,wallstreetbets
"Nvidia falls into correction territory, down more than 10% from its record close",https://www.cnbc.com/2024/12/16/nvidia-falls-into-correction-territory-down-more-than-10percent-from-its-record-close.html?__source=androidappshare,2024-12-16 20:53:06,955,161,wallstreetbets
The key tail risk stems from NVIDIA's heavy reliance on TSMC for chip manufacturing.Growth linked to Supply !?,https://www.reddit.com/r/wallstreetbets/comments/1hfrygr/the_key_tail_risk_stems_from_nvidias_heavy/,2024-12-16 19:58:30,14,4,wallstreetbets
"""Tesla's road to $2 trillion: Musk's bet on Trump fuels lofty analyst target""",https://www.reddit.com/r/wallstreetbets/comments/1hfnc5g/teslas_road_to_2_trillion_musks_bet_on_trump/,2024-12-16 16:45:16,105,163,wallstreetbets
One thing I learned this year is to just trust my gutâ€¦,https://www.reddit.com/r/wallstreetbets/comments/1hf6ic6/one_thing_i_learned_this_year_is_to_just_trust_my/,2024-12-16 00:20:59,184,206,wallstreetbets
NVIDIA 135 call exp 09/2026 chances of profit next year. ,https://i.redd.it/191xzwyew27e1.jpeg,2024-12-15 21:15:42,45,69,wallstreetbets
I Used AI to Make a Visual Metaphor of NVIDIA's Stock Performance in 2024 (Tendy Generator),https://www.reddit.com/r/wallstreetbets/comments/1he7vxd/i_used_ai_to_make_a_visual_metaphor_of_nvidias/,2024-12-14 17:33:06,26,8,wallstreetbets
Where do we go from here?,https://i.redd.it/hley3uvq4u6e1.jpeg,2024-12-14 15:46:24,253,322,wallstreetbets
NVIDIA: A Victim of Its Own Success,https://www.reddit.com/r/wallstreetbets/comments/1hdkgah/nvidia_a_victim_of_its_own_success/,2024-12-13 19:42:05,0,45,wallstreetbets
Am I doing this right ?,https://i.redd.it/gpuk0gzk5n6e1.png,2024-12-13 16:18:35,1976,345,wallstreetbets
AVGO > NVDA,https://i.redd.it/zzaw1325rm6e1.jpeg,2024-12-13 14:57:40,667,50,wallstreetbets
What a fucking year thanks MSTR and NVIDIA,https://i.redd.it/qfaurxt5om6e1.jpeg,2024-12-13 14:41:40,1034,137,wallstreetbets
"Magnificent 7 return since 2010: 14,890% (Average)",https://i.redd.it/h4jamqn41g6e1.png,2024-12-12 16:21:09,437,61,wallstreetbets
Google Cloud Against the Odds: Beating Microsoft and OpenAI in the AI race to the top!,https://www.reddit.com/r/wallstreetbets/comments/1hcmqwe/google_cloud_against_the_odds_beating_microsoft/,2024-12-12 14:51:54,71,20,wallstreetbets
K letâ€™s go 150 EOW,https://finance.yahoo.com/news/nvidia-is-the-latest-chess-piece-in-the-us-china-tech-war-174555784.html,2024-12-12 00:18:42,4,15,wallstreetbets
"$50,000 NVDA Long YOLo",https://i.redd.it/mt8k2vtyy86e1.png,2024-12-11 16:36:35,22,20,wallstreetbets
US Supreme Court tosses case involving securities fraud suit against Nvidia,https://www.reuters.com/legal/us-supreme-court-tosses-case-involving-securities-fraud-suit-against-nvidia-2024-12-11/,2024-12-11 15:27:03,813,57,wallstreetbets
Englander just 10X'd his fund's stake in Walgreens ,https://www.reddit.com/r/wallstreetbets/comments/1hbqc3p/englander_just_10xd_his_funds_stake_in_walgreens/,2024-12-11 10:10:45,8,10,wallstreetbets
MicroStrategy $MSTR will be added to the Nasdaq 100 on Friday,https://www.reddit.com/r/wallstreetbets/comments/1hbcg6w/microstrategy_mstr_will_be_added_to_the_nasdaq/,2024-12-10 21:12:23,378,137,wallstreetbets
NVIDIA Positioned for Growth Amid AI Boom Fueled by TSMC's Strong Revenue,https://www.reddit.com/r/wallstreetbets/comments/1hb3ywu/nvidia_positioned_for_growth_amid_ai_boom_fueled/,2024-12-10 15:13:49,4,16,wallstreetbets
"Here's why I'm shorting Soundhound, a current WSB darling",https://www.reddit.com/r/wallstreetbets/comments/1hagtg0/heres_why_im_shorting_soundhound_a_current_wsb/,2024-12-09 18:38:16,998,656,wallstreetbets
Nvidia Under Investigation by China for Suspected Anti-Monopoly Violations Amid U.S. Chip Crackdown,https://ponderwall.com/index.php/2024/12/09/nvidia-china-investigation/,2024-12-09 17:11:42,275,29,wallstreetbets
China Antimonopoly fight against NVDA,https://www.reddit.com/r/wallstreetbets/comments/1ha81ws/china_antimonopoly_fight_against_nvda/,2024-12-09 11:54:43,58,51,wallstreetbets
$NVMI the final time I will post about this company then stfu,https://i.redd.it/e1toaknx5r5e1.jpeg,2024-12-09 04:43:33,563,273,wallstreetbets
"Chinese data centers told to stick to Nvidia chips, domestic chips not compatible",https://www.techradar.com/pro/Chinese-data-centers-told-to-stick-to-Nvidia-chips-domestic-chips-not-compatible,2024-12-09 04:20:21,2220,148,wallstreetbets
College Student with $18 in their checking account. All in.,https://www.reddit.com/gallery/1h92v0w,2024-12-07 21:35:04,2480,317,wallstreetbets
My thesis on INTC going into 2025,https://www.reddit.com/r/wallstreetbets/comments/1h8n76e/my_thesis_on_intc_going_into_2025/,2024-12-07 07:17:11,155,167,wallstreetbets
420k gains in last 3 months,https://www.reddit.com/gallery/1h8je0t,2024-12-07 03:20:02,1970,164,wallstreetbets
What are your top picks for 2025,https://www.reddit.com/r/wallstreetbets/comments/1h8c8i2/what_are_your_top_picks_for_2025/,2024-12-06 21:27:49,659,1342,wallstreetbets
Which one of you regards writes for Forbes?,https://i.redd.it/m11na238ca5e1.jpeg,2024-12-06 20:08:31,2772,172,wallstreetbets
Market is still cheap,https://www.reddit.com/r/wallstreetbets/comments/1h838yo/market_is_still_cheap/,2024-12-06 15:00:42,0,30,wallstreetbets
NVidia CEO Just Announced Bad News for Nvidia's Rivals,https://www.reddit.com/r/wallstreetbets/comments/1h82cr1/nvidia_ceo_just_announced_bad_news_for_nvidias/,2024-12-06 14:18:34,0,10,wallstreetbets
xAI plans to expand its Colossus Supercomputer in Memphis to house 1 million+ GPUs,https://www.reddit.com/r/wallstreetbets/comments/1h7q4b8/xai_plans_to_expand_its_colossus_supercomputer_in/,2024-12-06 01:50:34,12,23,wallstreetbets
"Foxconn Sees Record Third-Quarter Revenue as AI Server Demand, Nvidia Partnership Boosts Earnings",https://finance.yahoo.com/news/foxconn-sees-record-third-quarter-201129649.html?soc_src=social-sh&soc_trk=reddit,2024-12-05 22:11:02,18,10,wallstreetbets
"Nvidia to build AI research, data centres in Vietnam with govt",https://www.reuters.com/technology/nvidia-signs-ai-cooperation-agreement-with-vietnamese-government-2024-12-05/,2024-12-05 21:02:37,5,2,wallstreetbets
"TSMC in talks with Nvidia for AI chip production in Arizona, sources sayâ€‹",https://www.reuters.com/technology/tsmc-talks-with-nvidia-ai-chip-production-arizona-sources-say-2024-12-05/,2024-12-05 14:04:54,100,24,wallstreetbets
NVIDIA's Rubin architecture to be released six months early,https://gagadget.com/en/543017-nvidia-accelerates-pace-new-rubin-architecture-to-be-released-six-months-early/,2024-12-05 02:49:51,60,13,wallstreetbets
NVIDIA's share price surge and the outlook for the AI arithmetic market: bubble risk and rational layout of industry giants â€™,https://www.reddit.com/r/wallstreetbets/comments/1h6ph5g/nvidias_share_price_surge_and_the_outlook_for_the/,2024-12-04 19:56:50,0,14,wallstreetbets
Itâ€™s not much but I like it,https://i.redd.it/xoduv19rsv4e1.jpeg,2024-12-04 19:14:28,15,5,wallstreetbets
Nebius Group (NBIS) your new AI baby that's set to double or triple,https://www.reddit.com/r/wallstreetbets/comments/1h6lzo7/nebius_group_nbis_your_new_ai_baby_thats_set_to/,2024-12-04 17:38:33,145,129,wallstreetbets
Microsoft to buy Bitcoin?!?!?!?!!?,https://www.forbes.com/sites/digital-assets/2024/12/04/conservative-microsoft-eyes-bitcoin-as-microstrategy-and-nvidia-lead/,2024-12-04 15:03:57,0,15,wallstreetbets
"Apple's stock price hits a new high, recapturing the number one spot in market cap. Is a new 'super product cycle' on the horizon?",https://www.reddit.com/r/wallstreetbets/comments/1h5rq2e/apples_stock_price_hits_a_new_high_recapturing/,2024-12-03 16:42:20,111,133,wallstreetbets
Rolling the dice,https://i.redd.it/k14bwr2nun4e1.jpeg,2024-12-03 16:30:46,40,65,wallstreetbets
"NVDA is best performing stock over last 5,10,15 & 20 years ",https://i.redd.it/cbhb534gvm4e1.png,2024-12-03 13:14:11,2786,366,wallstreetbets
"All In on SMCI: $6,000,000 Bet Across Interactive Brokers and My Swiss Bank â€“ Am I Crazy or a Genius?",https://www.reddit.com/r/wallstreetbets/comments/1h3pr42/all_in_on_smci_6000000_bet_across_interactive/,2024-11-30 23:45:40,1275,823,wallstreetbets
"Tech stocks rally: Nvidia, Alphabet, Microsoft in today's spotlight",https://www.reddit.com/r/wallstreetbets/comments/1h2ujf7/tech_stocks_rally_nvidia_alphabet_microsoft_in/,2024-11-29 20:06:08,71,32,wallstreetbets
did i cook  ,https://i.redd.it/znsf0ep98v3e1.jpeg,2024-11-29 16:15:30,0,7,wallstreetbets
Moon this dog shi,https://i.redd.it/xj6qj0ancr3e1.jpeg,2024-11-29 03:12:54,1017,106,wallstreetbets
"Ken Griffin Slashes Citadel's Palantir Stake By 91%, Incareases Nvidia Stake By 194% In Q3",https://www.benzinga.com/markets/equities/24/11/42231266/gop-megadonor-ken-griffin-slashes-citadels-palantir-stake-by-91-bets-big-on-nvidia-as-jensen-huang-led-company-rises-over-180-in-2024,2024-11-28 18:36:38,1362,112,wallstreetbets
" NVDA's stock is down 10% in a week, is he still worth following?",https://www.reddit.com/r/wallstreetbets/comments/1h21cl3/nvdas_stock_is_down_10_in_a_week_is_he_still/,2024-11-28 17:40:39,230,252,wallstreetbets
NVDA ðŸš€ ðŸŒ•?,https://www.reddit.com/r/wallstreetbets/comments/1h219lg/nvda/,2024-11-28 17:37:02,19,30,wallstreetbets
Where are future returns even supposed to come from? ,https://www.reddit.com/r/wallstreetbets/comments/1h1w2h9/where_are_future_returns_even_supposed_to_come/,2024-11-28 13:34:58,396,285,wallstreetbets
I have reasons to believe that Recursion (RXRX) will became quite popular in the next month.,https://www.reddit.com/r/wallstreetbets/comments/1h1volv/i_have_reasons_to_believe_that_recursion_rxrx/,2024-11-28 13:13:43,385,231,wallstreetbets
"Samsung Adjusts Leadership Position Amidst AI Chip Woes, NVIDIA Corporation (NVDA) Targets AI Memory Chip Certification",https://www.reddit.com/r/wallstreetbets/comments/1h1fqs2/samsung_adjusts_leadership_position_amidst_ai/,2024-11-27 21:41:13,33,5,wallstreetbets
NVDA is about to take off (technically speaking): why I feel more confident following my previous post ,https://www.reddit.com/gallery/1h1fhpm,2024-11-27 21:30:09,36,112,wallstreetbets
Nvidia (NVDA) March 25/ 151 call options,https://i.redd.it/f5wihizyvh3e1.jpeg,2024-11-27 19:23:25,11,23,wallstreetbets
Any hopes for a Santa rally or I am getting rekt?,https://i.redd.it/ga5axymdvg3e1.png,2024-11-27 15:58:18,99,104,wallstreetbets
$Dell Earnings ,https://www.reddit.com/r/wallstreetbets/comments/1h0q4ii/dell_earnings/,2024-11-26 23:28:30,3,28,wallstreetbets
dell earnings are going to be good,https://www.reddit.com/r/wallstreetbets/comments/1h0lm56/dell_earnings_are_going_to_be_good/,2024-11-26 20:16:23,0,41,wallstreetbets
Should I take profits ,https://www.reddit.com/gallery/1h0h7we,2024-11-26 17:21:26,11,11,wallstreetbets
Stock Market: An Overspeculation Environment,https://www.reddit.com/r/wallstreetbets/comments/1gzvivj/stock_market_an_overspeculation_environment/,2024-11-25 22:11:19,33,57,wallstreetbets
PLTR: They said the quiet part out loud [DD],https://www.reddit.com/r/wallstreetbets/comments/1gz9jf7/pltr_they_said_the_quiet_part_out_loud_dd/,2024-11-25 03:26:48,1871,365,wallstreetbets
Prepare for a significant NVDA pullback until the company reports more conclusively positive numbers on Blackwell ,https://www.reddit.com/r/wallstreetbets/comments/1gz4w5n/prepare_for_a_significant_nvda_pullback_until_the/,2024-11-24 23:34:20,4,56,wallstreetbets
SPY 601+ Monday ðŸš€ðŸ‘€ðŸ’¥,https://i.redd.it/r7vdw6c7or2e1.jpeg,2024-11-24 03:13:33,300,345,wallstreetbets
NVDA may see red next week,https://www.reddit.com/gallery/1gxnn8a,2024-11-23 01:06:23,26,149,wallstreetbets
"Nvidia to build AI school in Indonesia, country's VP says",https://www.reuters.com/technology/artificial-intelligence/nvidia-build-ai-school-indonesia-countrys-vp-says-2024-11-21/,2024-11-22 04:08:57,11,6,wallstreetbets
